,ชื่อต้องตรงกับ BI,,Target,,,,,,,,,,,,Actual,,,,,,,,,,,,PeQent  (Actual vs Target),,,,,,,,,,,,PeQent (Round) (Actual vs Target),,,,,,,,,,,,Incentive,,,,,,,,,,,,,Direct Sup.,
,,,2,3,4,5,6,7,8,9,10,11,12,13,2,3,4,5,6,7,8,9,10,11,12,13,2,3,4,5,6,7,8,9,10,11,12,13,2,3,4,5,6,7,8,9,10,11,12,13,2,3,4,5,6,7,8,9,10,11,12,13,,,
SalesmanCode,Product,Team,Apr_T,May_T,Jun_T,Jul_T,Aug_T,Sep_T,Oct_T,Nov_T,Dec_T,Jan_T,Feb_T,Mar_T,Apr_A,May_A,Jun_A,Jul_A,Aug_A,Sep_A,Oct_A,Nov_A,Dec_A,Jan_A,Feb_A,Mar_A,Apr_P,May_P,Jun_P,Jul_P,Aug_P,Sep_P,Oct_P,Nov_P,Dec_P,Jan_P,Feb_P,Mar_P,Apr_I,May_I,Jun_I,Jul_I,Aug_I,Sep_I,Oct_I,Nov_I,Dec_I,Jan_I,Feb_I,Mar_I,Apr_I,May_I,Jun_I,Jul_I,Aug_I,Sep_I,Oct_I,Nov_I,Dec_I,Jan_I,Feb_I,Mar_I,,DirectSupCode,%Salesman
160001,A,Top WS,90687,101927,100406,93939,100815,102575,100207,106364,104231,116350,101753,101755,104164.1,87693.1,0,0,0,0,0,0,0,0,0,0,1,0.86040000000000005,0,0,0,0,0,0,0,0,0,0,1,0.9,0.9,0.9,0.9,0.9,0.9,0.9,0.9,0.9,0.9,0.9,200,180,180,180,180,180,180,180,180,180,180,180,,160000,0.9
160001,R,Top WS,53051,50068,57851,47433,39743,50357,46264,52554,52712,58614,47446,47440,56606.600000000006,39516.500000000007,0,0,0,0,0,0,0,0,0,0,1,1,0,0,0,0,0,0,0,0,0,0,1,1,0.9,0.9,0.9,0.9,0.9,0.9,0.9,0.9,0.9,0.9,400,400,360,360,360,360,360,360,360,360,360,360,,160000,1
160001,B,Top WS,3973,2237,2502,3675,3406,3974,3642,3797,3584,3512,3584,3639,465.99999999534009,3007.9999999699203,0,0,0,0,0,0,0,0,0,0,0.1173,1.3447,0,0,0,0,0,0,0,0,0,0,0.9,1.3,0.9,0.9,0.9,0.9,0.9,0.9,0.9,0.9,0.9,0.9,720,1040,720,720,720,720,720,720,720,720,720,720,,160000,1.3
160001,P,Top WS,483,217,217,358,297,183,467,265,304,398,416,411,973.36079999999993,136.65959999999998,0,0,0,0,0,0,0,0,0,0,2.0152000000000001,0.62980000000000003,0,0,0,0,0,0,0,0,0,0,1.3,0.9,0.9,0.9,0.9,0.9,0.9,0.9,0.9,0.9,0.9,0.9,520,360,360,360,360,360,360,360,360,360,360,360,,160000,0.9
160001,Y,Top WS,5682,6691,7231,8126,7484,7390,8236,8532,9782,7320,6149,6151,5189.9999998428639,4877.9999998599824,0,0,0,0,0,0,0,0,0,0,1,1,0,0,0,0,0,0,0,0,0,0,1,1,0.9,0.9,0.9,0.9,0.9,0.9,0.9,0.9,0.9,0.9,600,600,540,540,540,540,540,540,540,540,540,540,,160000,1
160001,AP,Top WS,10225,11183,12287,14016,11521,10061,14380,15061,12126,12866,10848,10853,11538.059999999996,9514.9599999999973,0,0,0,0,0,0,0,0,0,0,1.1284000000000001,0.8508,0,0,0,0,0,0,0,0,0,0,1.1499999999999999,0.9,0.9,0.9,0.9,0.9,0.9,0.9,0.9,0.9,0.9,0.9,230,180,180,180,180,180,180,180,180,180,180,180,,160000,0.9
160001,M,Top WS,1332,1505,1220,1298,1319,1364,1528,2274,1490,1352,1708,1705,1224,834.5,0,0,0,0,0,0,0,0,0,0,0.91890000000000005,0.55449999999999999,0,0,0,0,0,0,0,0,0,0,0.95,0.9,0.9,0.9,0.9,0.9,0.9,0.9,0.9,0.9,0.9,0.9,190,180,180,180,180,180,180,180,180,180,180,180,,160000,0.9
160001,Q,Top WS,52,62,66,42,58,83,55,110,98,75,132,132,83.52,47.231999999999992,0,0,0,0,0,0,0,0,0,0,1.6062000000000001,0.76180000000000003,0,0,0,0,0,0,0,0,0,0,1.3,0.9,0.9,0.9,0.9,0.9,0.9,0.9,0.9,0.9,0.9,0.9,520,360,360,360,360,360,360,360,360,360,360,360,,160000,0.9
160001,RK,Top WS,574,853,464,159,11,753,676,1054,751,665,728,727,600,113.4,0,0,0,0,0,0,0,0,0,0,1.0452999999999999,0.13289999999999999,0,0,0,0,0,0,0,0,0,0,1.06,0.9,0.9,0.9,0.9,0.9,0.9,0.9,0.9,0.9,0.9,0.9,216,180,180,180,180,180,180,180,180,180,180,180,,160000,0.9
160001,NS,Top WS,260,247,259,176,149,259,183,191,130,176,247,240,29.700000000000003,98.639999999999986,0,0,0,0,0,0,0,0,0,0,0.1142,0.39939999999999998,0,0,0,0,0,0,0,0,0,0,0.9,0.9,0.9,0.9,0.9,0.9,0.9,0.9,0.9,0.9,0.9,0.9,360,360,360,360,360,360,360,360,360,360,360,360,,160000,0.9
160001,T,Top WS,608,435,462,473,384,450,574,593,566,586,452,450,492,542.40000000000009,0,0,0,0,0,0,0,0,0,0,0.80920000000000003,1.2468999999999999,0,0,0,0,0,0,0,0,0,0,0.9,1.3,0.9,0.9,0.9,0.9,0.9,0.9,0.9,0.9,0.9,0.9,180,260,180,180,180,180,180,180,180,180,180,180,,160000,1.3
160002,A,Top WS,103078,115860,114143,106776,114607,116604,113910,120906,118487,132256,115667,115670,63851.1,94766.1,0,0,0,0,0,0,0,0,0,0,1,0.81789999999999996,0,0,0,0,0,0,0,0,0,0,1,0.9,0.9,0.9,0.9,0.9,0.9,0.9,0.9,0.9,0.9,0.9,200,180,180,180,180,180,180,180,180,180,180,180,,160000,0.9
160002,R,Top WS,32042,30219,34953,28657,23975,30419,27923,31725,31818,35419,27,27,25446,24171.200000000001,0,0,0,0,0,0,0,0,0,0,1,1,0,0,0,0,0,0,0,0,0,0,1,1,0.9,0.9,0.9,0.9,0.9,0.9,0.9,0.9,0.9,0.9,400,400,360,360,360,360,360,360,360,360,360,360,,160000,1
160002,B,Top WS,4290,2414,2702,3970,3679,4289,3933,4097,3870,3794,3870,3933,5416.9999999458287,5088.9999999491101,0,0,0,0,0,0,0,0,0,0,1.2626999999999999,2.1080999999999999,0,0,0,0,0,0,0,0,0,0,1.3,1.3,0.9,0.9,0.9,0.9,0.9,0.9,0.9,0.9,0.9,0.9,1040,1040,720,720,720,720,720,720,720,720,720,720,,160000,1.3
160002,P,Top WS,2934,1294,1301,2170,1776,1105,2815,1615,1825,2401,2513,2513,2110.8510000000001,737.74799999999993,0,0,0,0,0,0,0,0,0,0,0.71940000000000004,0.57010000000000005,0,0,0,0,0,0,0,0,0,0,0.9,0.9,0.9,0.9,0.9,0.9,0.9,0.9,0.9,0.9,0.9,0.9,360,360,360,360,360,360,360,360,360,360,360,360,,160000,0.9
160002,Y,Top WS,2105,2481,2682,3013,2775,2739,3052,3164,3626,2715,2280,2280,2195.9999999513993,2387.9999999572201,0,0,0,0,0,0,0,0,0,0,1,1,0,0,0,0,0,0,0,0,0,0,1,1,0.9,0.9,0.9,0.9,0.9,0.9,0.9,0.9,0.9,0.9,600,600,540,540,540,540,540,540,540,540,540,540,,160000,1
160002,AP,Top WS,6976,7629,8381,9561,7856,6861,9814,10273,8269,8777,7403,7403,5323.1399999999994,6705.0599999999977,0,0,0,0,0,0,0,0,0,0,0.7631,0.87890000000000001,0,0,0,0,0,0,0,0,0,0,0.9,0.9,0.9,0.9,0.9,0.9,0.9,0.9,0.9,0.9,0.9,0.9,180,180,180,180,180,180,180,180,180,180,180,180,,160000,0.9
160002,M,Top WS,538,611,498,527,536,552,622,923,605,553,694,693,355.1,366.9,0,0,0,0,0,0,0,0,0,0,0.66,0.60050000000000003,0,0,0,0,0,0,0,0,0,0,0.9,0.9,0.9,0.9,0.9,0.9,0.9,0.9,0.9,0.9,0.9,0.9,180,180,180,180,180,180,180,180,180,180,180,180,,160000,0.9
160002,Q,Top WS,59,72,76,49,67,95,62,125,113,87,154,153,201.60000000000002,67.968000000000004,0,0,0,0,0,0,0,0,0,0,3.4169,0.94399999999999995,0,0,0,0,0,0,0,0,0,0,1.3,0.95,0.9,0.9,0.9,0.9,0.9,0.9,0.9,0.9,0.9,0.9,520,380,360,360,360,360,360,360,360,360,360,360,,160000,0.95
160002,RK,Top WS,772,1148,625,215,16,1014,910,1418,1012,896,975,974,540,108,0,0,0,0,0,0,0,0,0,0,0.69950000000000001,9.4100000000000003E-2,0,0,0,0,0,0,0,0,0,0,0.9,0.9,0.9,0.9,0.9,0.9,0.9,0.9,0.9,0.9,0.9,0.9,180,180,180,180,180,180,180,180,180,180,180,180,,160000,0.9
160002,NS,Top WS,102,98,102,70,60,102,73,76,54,69,98,98,0,0,0,0,0,0,0,0,0,0,0,0,0,0,0,0,0,0,0,0,0,0,0,0,0.9,0.9,0.9,0.9,0.9,0.9,0.9,0.9,0.9,0.9,0.9,0.9,360,360,360,360,360,360,360,360,360,360,360,360,,160000,0.9
160002,T,Top WS,143,101,107,110,89,106,133,137,132,137,106,106,122.39999999999999,92.399999999999991,0,0,0,0,0,0,0,0,0,0,0.85589999999999999,0.91490000000000005,0,0,0,0,0,0,0,0,0,0,0.9,0.95,0.9,0.9,0.9,0.9,0.9,0.9,0.9,0.9,0.9,0.9,180,190,180,180,180,180,180,180,180,180,180,180,,160000,0.95
120001,A,Top WS,73933,83100,81868,76579,82204,83633,81703,86714,84987,94861,82962,82963,55762.3,73122.2,0,0,0,0,0,0,0,0,0,0,1,0.87990000000000002,0,0,0,0,0,0,0,0,0,0,1,0.9,0.9,0.9,0.9,0.9,0.9,0.9,0.9,0.9,0.9,0.9,200,180,180,180,180,180,180,180,180,180,180,180,,120000,0.9
120001,R,Top WS,35699,33670,38943,31930,26713,33891,31108,35351,35453,39461,31919,31928,30180.600000000002,31637.300000000003,0,0,0,0,0,0,0,0,0,0,1,1,0,0,0,0,0,0,0,0,0,0,1,1,0.9,0.9,0.9,0.9,0.9,0.9,0.9,0.9,0.9,0.9,400,400,360,360,360,360,360,360,360,360,360,360,,120000,1
120001,B,Top WS,1394,784,878,1290,1195,1393,1277,1331,1257,1232,1257,1277,555.99999999444003,251.99999999748002,0,0,0,0,0,0,0,0,0,0,0.39889999999999998,0.32140000000000002,0,0,0,0,0,0,0,0,0,0,0.9,0.9,0.9,0.9,0.9,0.9,0.9,0.9,0.9,0.9,0.9,0.9,720,720,720,720,720,720,720,720,720,720,720,720,,120000,0.9
120001,P,Top WS,2075,915,922,1534,1256,778,1992,1140,1288,1695,1774,1767,310.62419999999997,1488.6593999999998,0,0,0,0,0,0,0,0,0,0,0.1497,1.627,0,0,0,0,0,0,0,0,0,0,0.9,1.3,0.9,0.9,0.9,0.9,0.9,0.9,0.9,0.9,0.9,0.9,360,520,360,360,360,360,360,360,360,360,360,360,,120000,1.3
120001,Y,Top WS,1889,2222,2403,2698,2485,2453,2734,2833,3249,2430,2040,2041,562.9999999796878,1799.9999999665192,0,0,0,0,0,0,0,0,0,0,1,1,0,0,0,0,0,0,0,0,0,0,1,1,0.9,0.9,0.9,0.9,0.9,0.9,0.9,0.9,0.9,0.9,600,600,540,540,540,540,540,540,540,540,540,540,,120000,1
120001,AP,Top WS,7507,8212,9021,10291,8456,7385,10560,11058,8903,9448,7966,7965,7963.2,7816.4399999999978,0,0,0,0,0,0,0,0,0,0,1.0608,0.95179999999999998,0,0,0,0,0,0,0,0,0,0,1.1000000000000001,1,0.9,0.9,0.9,0.9,0.9,0.9,0.9,0.9,0.9,0.9,220,200,180,180,180,180,180,180,180,180,180,180,,120000,1
120001,M,Top WS,473,534,437,459,468,486,543,807,532,483,607,610,58,645.79999999999995,0,0,0,0,0,0,0,0,0,0,0.1226,1.2094,0,0,0,0,0,0,0,0,0,0,0.9,1.3,0.9,0.9,0.9,0.9,0.9,0.9,0.9,0.9,0.9,0.9,180,260,180,180,180,180,180,180,180,180,180,180,,120000,1.3
120001,Q,Top WS,43,59,61,40,53,76,51,100,91,75,124,124,11.52,84.096000000000004,0,0,0,0,0,0,0,0,0,0,0.26790000000000003,1.4254,0,0,0,0,0,0,0,0,0,0,0.9,1.3,0.9,0.9,0.9,0.9,0.9,0.9,0.9,0.9,0.9,0.9,360,520,360,360,360,360,360,360,360,360,360,360,,120000,1.3
120001,RK,Top WS,619,922,499,175,11,813,732,1139,811,719,784,779,405,675,0,0,0,0,0,0,0,0,0,0,0.65429999999999999,0.73209999999999997,0,0,0,0,0,0,0,0,0,0,0.9,0.9,0.9,0.9,0.9,0.9,0.9,0.9,0.9,0.9,0.9,0.9,180,180,180,180,180,180,180,180,180,180,180,180,,120000,0.9
120001,NS,Top WS,414,393,414,283,237,414,295,303,209,281,393,396,53.46,11.88,0,0,0,0,0,0,0,0,0,0,0.12909999999999999,3.0200000000000001E-2,0,0,0,0,0,0,0,0,0,0,0.9,0.9,0.9,0.9,0.9,0.9,0.9,0.9,0.9,0.9,0.9,0.9,360,360,360,360,360,360,360,360,360,360,360,360,,120000,0.9
120001,T,Top WS,1500,1071,1134,1157,944,1109,1415,1457,1391,1446,1118,1117,1045.2,742.79999999999973,0,0,0,0,0,0,0,0,0,0,0.69679999999999997,0.69359999999999999,0,0,0,0,0,0,0,0,0,0,0.9,0.9,0.9,0.9,0.9,0.9,0.9,0.9,0.9,0.9,0.9,0.9,180,180,180,180,180,180,180,180,180,180,180,180,,120000,0.9
120002,A,Top WS,54371,61106,60201,56318,60446,61499,60080,63769,62492,69756,61007,61016,40322,53459.6,0,0,0,0,0,0,0,0,0,0,1,0.87490000000000001,0,0,0,0,0,0,0,0,0,0,1,0.9,0.9,0.9,0.9,0.9,0.9,0.9,0.9,0.9,0.9,0.9,200,180,180,180,180,180,180,180,180,180,180,180,,120000,0.9
120002,R,Top WS,24741,23332,26986,22124,18511,23486,21556,24495,24568,27346,22119,22121,16459.5,27532.300000000014,0,0,0,0,0,0,0,0,0,0,1,1,0,0,0,0,0,0,0,0,0,0,1,1,0.9,0.9,0.9,0.9,0.9,0.9,0.9,0.9,0.9,0.9,400,400,360,360,360,360,360,360,360,360,360,360,,120000,1
120002,B,Top WS,961,541,605,892,826,961,884,920,869,850,869,890,743.99999999256011,690.99999999308989,0,0,0,0,0,0,0,0,0,0,0.7742,1.2773000000000001,0,0,0,0,0,0,0,0,0,0,0.9,1.3,0.9,0.9,0.9,0.9,0.9,0.9,0.9,0.9,0.9,0.9,720,1040,720,720,720,720,720,720,720,720,720,720,,120000,1.3
120002,P,Top WS,1052,466,469,779,640,396,1014,582,656,864,905,904,276.30540000000002,359.21699999999998,0,0,0,0,0,0,0,0,0,0,0.2626,0.77090000000000003,0,0,0,0,0,0,0,0,0,0,0.9,0.9,0.9,0.9,0.9,0.9,0.9,0.9,0.9,0.9,0.9,0.9,360,360,360,360,360,360,360,360,360,360,360,360,,120000,0.9
120002,Y,Top WS,1149,1352,1463,1644,1513,1496,1665,1726,1979,1481,1242,1242,579.99999998963983,1641.9999999647994,0,0,0,0,0,0,0,0,0,0,1,1,0,0,0,0,0,0,0,0,0,0,1,1,0.9,0.9,0.9,0.9,0.9,0.9,0.9,0.9,0.9,0.9,600,600,540,540,540,540,540,540,540,540,540,540,,120000,1
120002,AP,Top WS,8580,9383,10309,11761,9663,8441,12065,12636,10173,10795,9099,9100,8467.2000000000007,8124.4799999999987,0,0,0,0,0,0,0,0,0,0,0.9869,0.8659,0,0,0,0,0,0,0,0,0,0,1,0.9,0.9,0.9,0.9,0.9,0.9,0.9,0.9,0.9,0.9,0.9,200,180,180,180,180,180,180,180,180,180,180,180,,120000,0.9
120002,M,Top WS,444,502,409,434,441,454,510,760,498,453,572,572,392.20000000000005,562.79999999999995,0,0,0,0,0,0,0,0,0,0,0.88329999999999997,1.1211,0,0,0,0,0,0,0,0,0,0,0.9,1.1499999999999999,0.9,0.9,0.9,0.9,0.9,0.9,0.9,0.9,0.9,0.9,180,230,180,180,180,180,180,180,180,180,180,180,,120000,1.1499999999999999
120002,Q,Top WS,16,15,18,12,15,21,15,27,24,18,33,33,11.52,11.52,0,0,0,0,0,0,0,0,0,0,0.72,0.76800000000000002,0,0,0,0,0,0,0,0,0,0,0.9,0.9,0.9,0.9,0.9,0.9,0.9,0.9,0.9,0.9,0.9,0.9,360,360,360,360,360,360,360,360,360,360,360,360,,120000,0.9
120002,RK,Top WS,202,299,163,56,5,265,237,371,264,233,255,253,140.4,286.20000000000005,0,0,0,0,0,0,0,0,0,0,0.69499999999999995,0.95720000000000005,0,0,0,0,0,0,0,0,0,0,0.9,1,0.9,0.9,0.9,0.9,0.9,0.9,0.9,0.9,0.9,0.9,180,200,180,180,180,180,180,180,180,180,180,180,,120000,1
120002,NS,Top WS,239,227,240,164,137,239,171,174,120,163,227,229,149.42000000000002,246.4,0,0,0,0,0,0,0,0,0,0,0.62519999999999998,1.0854999999999999,0,0,0,0,0,0,0,0,0,0,0.9,1.1000000000000001,0.9,0.9,0.9,0.9,0.9,0.9,0.9,0.9,0.9,0.9,360,440,360,360,360,360,360,360,360,360,360,360,,120000,1.1000000000000001
120002,T,Top WS,632,452,476,488,397,465,597,617,588,611,469,478,699.59999999999957,490.8,0,0,0,0,0,0,0,0,0,0,1.107,1.0858000000000001,0,0,0,0,0,0,0,0,0,0,1.1499999999999999,1.1000000000000001,0.9,0.9,0.9,0.9,0.9,0.9,0.9,0.9,0.9,0.9,230,220,180,180,180,180,180,180,180,180,180,180,,120000,1.1000000000000001
140001,A,Top WS,180495,202906,199895,186999,200706,204210,199495,211741,207508,231623,202599,202570,173949.4,177552.9,0,0,0,0,0,0,0,0,0,0,1,0.87509999999999999,0,0,0,0,0,0,0,0,0,0,1,0.9,0.9,0.9,0.9,0.9,0.9,0.9,0.9,0.9,0.9,0.9,200,180,180,180,180,180,180,180,180,180,180,180,,140000,0.9
140001,R,Top WS,78302,73843,85414,70026,58589,74332,68229,77529,77754,86550,70008,70008,78289,73276.3,0,0,0,0,0,0,0,0,0,0,1,1,0,0,0,0,0,0,0,0,0,0,1,1,0.9,0.9,0.9,0.9,0.9,0.9,0.9,0.9,0.9,0.9,400,400,360,360,360,360,360,360,360,360,360,360,,140000,1
140001,B,Top WS,17960,10113,11319,16628,15411,17961,16472,17159,16209,15886,16209,16472,9249.9999999075008,12599.999999873999,0,0,0,0,0,0,0,0,0,0,0.51500000000000001,1.2459,0,0,0,0,0,0,0,0,0,0,0.9,1.3,0.9,0.9,0.9,0.9,0.9,0.9,0.9,0.9,0.9,0.9,720,1040,720,720,720,720,720,720,720,720,720,720,,140000,1.3
140001,P,Top WS,140,61,61,102,84,52,133,76,86,112,119,117,110.0646,30.385799999999996,0,0,0,0,0,0,0,0,0,0,0.78620000000000001,0.49809999999999999,0,0,0,0,0,0,0,0,0,0,0.9,0.9,0.9,0.9,0.9,0.9,0.9,0.9,0.9,0.9,0.9,0.9,360,360,360,360,360,360,360,360,360,360,360,360,,140000,0.9
140001,Y,Top WS,4270,5030,5438,6108,5626,5555,6191,6415,7354,5503,4622,4619,3719.9999999358001,5569.9999998803978,0,0,0,0,0,0,0,0,0,0,1,1,0,0,0,0,0,0,0,0,0,0,1,1,0.9,0.9,0.9,0.9,0.9,0.9,0.9,0.9,0.9,0.9,600,600,540,540,540,540,540,540,540,540,540,540,,140000,1
140001,AP,Top WS,25582,27977,30738,32334,28811,25164,35978,37673,30332,32188,27138,27139,25401.599999999995,30375.479999999996,0,0,0,0,0,0,0,0,0,0,0.9929,1.0857000000000001,0,0,0,0,0,0,0,0,0,0,1,1.1000000000000001,0.9,0.9,0.9,0.9,0.9,0.9,0.9,0.9,0.9,0.9,200,220,180,180,180,180,180,180,180,180,180,180,,140000,1.1000000000000001
140001,M,Top WS,1848,2095,1702,1801,1836,1892,2130,3165,2076,1888,2380,2382,3371,129,0,0,0,0,0,0,0,0,0,0,1.8241000000000001,6.1600000000000002E-2,0,0,0,0,0,0,0,0,0,0,1.3,0.9,0.9,0.9,0.9,0.9,0.9,0.9,0.9,0.9,0.9,0.9,260,180,180,180,180,180,180,180,180,180,180,180,,140000,0.9
140001,Q,Top WS,8,12,12,8,11,15,10,20,18,14,24,25,0,0,0,0,0,0,0,0,0,0,0,0,0,0,0,0,0,0,0,0,0,0,0,0,0.9,0.9,0.9,0.9,0.9,0.9,0.9,0.9,0.9,0.9,0.9,0.9,360,360,360,360,360,360,360,360,360,360,360,360,,140000,0.9
140001,RK,Top WS,108,160,87,30,2,141,127,198,141,125,136,136,108,86.399999999999991,0,0,0,0,0,0,0,0,0,0,1,0.54,0,0,0,0,0,0,0,0,0,0,1,0.9,0.9,0.9,0.9,0.9,0.9,0.9,0.9,0.9,0.9,0.9,200,180,180,180,180,180,180,180,180,180,180,180,,140000,0.9
140001,NS,Top WS,344,328,344,234,199,344,244,252,175,232,328,325,43.019999999999996,37.799999999999997,0,0,0,0,0,0,0,0,0,0,0.12509999999999999,0.1152,0,0,0,0,0,0,0,0,0,0,0.9,0.9,0.9,0.9,0.9,0.9,0.9,0.9,0.9,0.9,0.9,0.9,360,360,360,360,360,360,360,360,360,360,360,360,,140000,0.9
140001,T,Top WS,145,103,110,112,91,107,136,141,134,139,107,108,120,120,0,0,0,0,0,0,0,0,0,0,0.8276,1.165,0,0,0,0,0,0,0,0,0,0,0.9,1.2,0.9,0.9,0.9,0.9,0.9,0.9,0.9,0.9,0.9,0.9,180,240,180,180,180,180,180,180,180,180,180,180,,140000,1.2
140002,A,WS SF,13488,15162,14936,13974,14997,15259,14906,15821,15505,17307,15136,15138,15074.4,12196.8,0,0,0,0,0,0,0,0,0,0,1,0.8044,0,0,0,0,0,0,0,0,0,0,1,0.9,0.9,0.9,0.9,0.9,0.9,0.9,0.9,0.9,0.9,0.9,175,157.5,157.5,157.5,157.5,157.5,157.5,157.5,157.5,157.5,157.5,157.5,,140000,0.9
140002,R,WS SF,4535,4277,4947,4056,3393,4305,3952,4490,4503,5014,4053,4058,5302.0999999999995,3901.7999999999997,0,0,0,0,0,0,0,0,0,0,1,1,0,0,0,0,0,0,0,0,0,0,1,1,0.9,0.9,0.9,0.9,0.9,0.9,0.9,0.9,0.9,0.9,350,350,315,315,315,315,315,315,315,315,315,315,,140000,1
140002,B,WS SF,77,44,48,71,67,77,71,74,70,68,70,71,92.999999999069999,84.999999999150006,0,0,0,0,0,0,0,0,0,0,1.2078,1.9318,0,0,0,0,0,0,0,0,0,0,1.3,1.3,0.9,0.9,0.9,0.9,0.9,0.9,0.9,0.9,0.9,0.9,455,455,315,315,315,315,315,315,315,315,315,315,,140000,1.3
140002,P,WS SF,94,42,42,70,58,37,91,52,60,78,82,81,10.799999999999999,13.1706,0,0,0,0,0,0,0,0,0,0,0.1149,0.31359999999999999,0,0,0,0,0,0,0,0,0,0,0.9,0.9,0.9,0.9,0.9,0.9,0.9,0.9,0.9,0.9,0.9,0.9,472.5,472.5,472.5,472.5,472.5,472.5,472.5,472.5,472.5,472.5,472.5,472.5,,140000,0.9
140002,Y,WS SF,378,445,481,540,498,491,548,567,651,487,409,411,571.99999999212002,799.99999999092017,0,0,0,0,0,0,0,0,0,0,1,1,0,0,0,0,0,0,0,0,0,0,1,1,0.9,0.9,0.9,0.9,0.9,0.9,0.9,0.9,0.9,0.9,525,525,472.5,472.5,472.5,472.5,472.5,472.5,472.5,472.5,472.5,472.5,,140000,1
140002,AP,WS SF,1997,2185,2401,2524,2250,1965,2809,2942,2368,2513,2119,2122,2268,1411.1999999999998,0,0,0,0,0,0,0,0,0,0,1.1356999999999999,0.64590000000000003,0,0,0,0,0,0,0,0,0,0,1.1499999999999999,0.9,0.9,0.9,0.9,0.9,0.9,0.9,0.9,0.9,0.9,0.9,201.25,157.5,157.5,157.5,157.5,157.5,157.5,157.5,157.5,157.5,157.5,157.5,,140000,0.9
140002,M,WS SF,164,188,153,161,163,168,190,281,185,168,212,209,164.4,126.6,0,0,0,0,0,0,0,0,0,0,1.0024,0.6734,0,0,0,0,0,0,0,0,0,0,1.03,0.9,0.9,0.9,0.9,0.9,0.9,0.9,0.9,0.9,0.9,0.9,360.5,315,315,315,315,315,315,315,315,315,315,315,,140000,0.9
140002,Q,WS SF,28,33,35,23,31,43,29,57,51,40,70,68,46.08,57.6,0,0,0,0,0,0,0,0,0,0,1.6456999999999999,1.7455000000000001,0,0,0,0,0,0,0,0,0,0,1.3,1.3,0.9,0.9,0.9,0.9,0.9,0.9,0.9,0.9,0.9,0.9,455,455,315,315,315,315,315,315,315,315,315,315,,140000,1.3
140002,RK,WS SF,110,163,88,31,2,144,130,203,144,127,139,140,81,248.40000000000003,0,0,0,0,0,0,0,0,0,0,0.73640000000000005,1.5239,0,0,0,0,0,0,0,0,0,0,0.9,1.3,0.9,0.9,0.9,0.9,0.9,0.9,0.9,0.9,0.9,0.9,157.5,227.5,157.5,157.5,157.5,157.5,157.5,157.5,157.5,157.5,157.5,157.5,,140000,1.3
140002,NS,WS SF,363,346,363,247,208,363,257,265,183,245,346,346,229.4,0,0,0,0,0,0,0,0,0,0,0,0.63200000000000001,0,0,0,0,0,0,0,0,0,0,0,0.9,0.9,0.9,0.9,0.9,0.9,0.9,0.9,0.9,0.9,0.9,0.9,315,315,315,315,315,315,315,315,315,315,315,315,,140000,0.9
140002,T,WS SF,356,254,269,275,223,263,336,348,330,343,266,268,282,300,0,0,0,0,0,0,0,0,0,0,0.79210000000000003,1.1811,0,0,0,0,0,0,0,0,0,0,0.9,1.2,0.9,0.9,0.9,0.9,0.9,0.9,0.9,0.9,0.9,0.9,157.5,210,157.5,157.5,157.5,157.5,157.5,157.5,157.5,157.5,157.5,157.5,,140000,1.2
140003,A,WS WH,8394,9407,9268,8671,9306,9469,9249,9819,9622,10740,9393,9393,6303,11480.7,0,0,0,0,0,0,0,0,0,0,1,1.2203999999999999,0,0,0,0,0,0,0,0,0,0,1,1.3,0.9,0.9,0.9,0.9,0.9,0.9,0.9,0.9,0.9,0.9,350,455,315,315,315,315,315,315,315,315,315,315,,140000,1.3
140003,R,WS WH,5741,5410,6258,5132,4292,5447,5002,5682,5699,6343,5132,5128,6660.5,10883,0,0,0,0,0,0,0,0,0,0,1,1,0,0,0,0,0,0,0,0,0,0,1,1,0.9,0.9,0.9,0.9,0.9,0.9,0.9,0.9,0.9,0.9,525,525,472.5,472.5,472.5,472.5,472.5,472.5,472.5,472.5,472.5,472.5,,140000,1
140003,B,WS WH,1069,602,674,989,917,1070,980,1021,965,945,965,980,0,399.99999999600004,0,0,0,0,0,0,0,0,0,0,0,0.66449999999999998,0,0,0,0,0,0,0,0,0,0,0.9,0.9,0.9,0.9,0.9,0.9,0.9,0.9,0.9,0.9,0.9,0.9,787.5,787.5,787.5,787.5,787.5,787.5,787.5,787.5,787.5,787.5,787.5,787.5,,140000,0.9
140003,P,WS WH,1731,764,769,1282,1050,651,1663,953,1076,1416,1483,1482,1067.742,0,0,0,0,0,0,0,0,0,0,0,0.61680000000000001,0,0,0,0,0,0,0,0,0,0,0,0.9,0.9,0.9,0.9,0.9,0.9,0.9,0.9,0.9,0.9,0.9,0.9,315,315,315,315,315,315,315,315,315,315,315,315,,140000,0.9
140003,Y,WS WH,1725,2031,2198,2467,2271,2244,2500,2592,2970,2223,1867,1869,3347.9999999549991,4487.9999999497213,0,0,0,0,0,0,0,0,0,0,1,1,0,0,0,0,0,0,0,0,0,0,1,1,0.9,0.9,0.9,0.9,0.9,0.9,0.9,0.9,0.9,0.9,350,350,315,315,315,315,315,315,315,315,315,315,,140000,1
140003,AP,WS WH,571,602,636,691,612,566,703,722,633,655,583,541,0,151.19999999999999,0,0,0,0,0,0,0,0,0,0,0,0.25119999999999998,0,0,0,0,0,0,0,0,0,0,0.9,0.9,0.9,0.9,0.9,0.9,0.9,0.9,0.9,0.9,0.9,0.9,157.5,157.5,157.5,157.5,157.5,157.5,157.5,157.5,157.5,157.5,157.5,157.5,,140000,0.9
140003,M,WS WH,400,453,368,388,397,408,460,682,448,408,513,516,850,1089,0,0,0,0,0,0,0,0,0,0,2.125,2.4039999999999999,0,0,0,0,0,0,0,0,0,0,1.3,1.3,0.9,0.9,0.9,0.9,0.9,0.9,0.9,0.9,0.9,0.9,227.5,227.5,157.5,157.5,157.5,157.5,157.5,157.5,157.5,157.5,157.5,157.5,,140000,1.3
140003,RK,WS WH,138,205,112,39,3,182,163,254,181,160,175,174,0,216,0,0,0,0,0,0,0,0,0,0,0,1.0537000000000001,0,0,0,0,0,0,0,0,0,0,0.9,1.06,0.9,0.9,0.9,0.9,0.9,0.9,0.9,0.9,0.9,0.9,157.5,189,157.5,157.5,157.5,157.5,157.5,157.5,157.5,157.5,157.5,157.5,,140000,1.06
140003,NS,WS WH,21,20,21,13,12,21,14,14,11,13,20,24,0,0,0,0,0,0,0,0,0,0,0,0,0,0,0,0,0,0,0,0,0,0,0,0,0.9,0.9,0.9,0.9,0.9,0.9,0.9,0.9,0.9,0.9,0.9,0.9,157.5,157.5,157.5,157.5,157.5,157.5,157.5,157.5,157.5,157.5,157.5,157.5,,140000,0.9
140003,T,WS WH,16,11,11,11,9,11,13,14,13,13,11,10,120,0,0,0,0,0,0,0,0,0,0,0,7.5,0,0,0,0,0,0,0,0,0,0,0,1.3,0.9,0.9,0.9,0.9,0.9,0.9,0.9,0.9,0.9,0.9,0.9,227.5,157.5,157.5,157.5,157.5,157.5,157.5,157.5,157.5,157.5,157.5,157.5,,140000,0.9
110001,A,Top WS,103090,119179,129021,145212,133918,132187,147280,152606,174945,130899,110131,109948,97380.6,105917.6,0,0,0,0,0,0,0,0,0,0,1,0.88870000000000005,0,0,0,0,0,0,0,0,0,0,1,0.9,0.9,0.9,0.9,0.9,0.9,0.9,0.9,0.9,0.9,0.9,200,180,180,180,180,180,180,180,180,180,180,180,,110000,0.9
110001,R,Top WS,50646,47764,55248,45295,37897,48080,44132,50148,50294,55984,45282,45282,32733.5,34763,0,0,0,0,0,0,0,0,0,0,1,1,0,0,0,0,0,0,0,0,0,0,1,1,0.9,0.9,0.9,0.9,0.9,0.9,0.9,0.9,0.9,0.9,400,400,360,360,360,360,360,360,360,360,360,360,,110000,1
110001,B,Top WS,1249,701,785,1152,1068,1245,1142,1189,1124,1101,1124,1142,49.999999999500005,1009.9999999899001,0,0,0,0,0,0,0,0,0,0,0.04,1.4408000000000001,0,0,0,0,0,0,0,0,0,0,0.9,1.3,0.9,0.9,0.9,0.9,0.9,0.9,0.9,0.9,0.9,0.9,720,1040,720,720,720,720,720,720,720,720,720,720,,110000,1.3
110001,P,Top WS,29,14,14,22,19,11,29,16,19,25,26,26,0,0,0,0,0,0,0,0,0,0,0,0,0,0,0,0,0,0,0,0,0,0,0,0,0.9,0.9,0.9,0.9,0.9,0.9,0.9,0.9,0.9,0.9,0.9,0.9,360,360,360,360,360,360,360,360,360,360,360,360,,110000,0.9
110001,Y,Top WS,1233,1073,1051,1181,1088,1074,1197,1240,1422,1064,894,894,1199.9999999879999,49.9999999992,0,0,0,0,0,0,0,0,0,0,1,1,0,0,0,0,0,0,0,0,0,0,1,1,0.9,0.9,0.9,0.9,0.9,0.9,0.9,0.9,0.9,0.9,600,600,540,540,540,540,540,540,540,540,540,540,,110000,1
110001,AP,Top WS,16311,16908,19066,21750,17871,15609,22317,23368,18814,19966,16832,16832,11614.499999999996,16333.8,0,0,0,0,0,0,0,0,0,0,0.71209999999999996,0.96599999999999997,0,0,0,0,0,0,0,0,0,0,0.9,1,0.9,0.9,0.9,0.9,0.9,0.9,0.9,0.9,0.9,0.9,180,200,180,180,180,180,180,180,180,180,180,180,,110000,1
110001,M,Top WS,651,708,575,608,620,639,720,1070,701,638,804,805,421.4,652.79999999999995,0,0,0,0,0,0,0,0,0,0,0.64729999999999999,0.92200000000000004,0,0,0,0,0,0,0,0,0,0,0.9,0.95,0.9,0.9,0.9,0.9,0.9,0.9,0.9,0.9,0.9,0.9,180,190,180,180,180,180,180,180,180,180,180,180,,110000,0.95
110001,Q,Top WS,12,12,13,8,12,16,11,22,19,15,36,34,0,23.04,0,0,0,0,0,0,0,0,0,0,0,1.92,0,0,0,0,0,0,0,0,0,0,0.9,1.3,0.9,0.9,0.9,0.9,0.9,0.9,0.9,0.9,0.9,0.9,360,520,360,360,360,360,360,360,360,360,360,360,,110000,1.3
110001,RK,Top WS,339,501,272,95,7,443,397,621,442,391,426,426,324,216,0,0,0,0,0,0,0,0,0,0,0.95579999999999998,0.43109999999999998,0,0,0,0,0,0,0,0,0,0,1,0.9,0.9,0.9,0.9,0.9,0.9,0.9,0.9,0.9,0.9,0.9,200,180,180,180,180,180,180,180,180,180,180,180,,110000,0.9
110001,NS,Top WS,227,457,492,329,276,480,340,351,243,324,457,457,29.700000000000003,292.99999999999994,0,0,0,0,0,0,0,0,0,0,0.1308,0.6411,0,0,0,0,0,0,0,0,0,0,0.9,0.9,0.9,0.9,0.9,0.9,0.9,0.9,0.9,0.9,0.9,0.9,360,360,360,360,360,360,360,360,360,360,360,360,,110000,0.9
110001,T,Top WS,70,50,53,54,44,51,66,68,65,67,52,50,6,102,0,0,0,0,0,0,0,0,0,0,8.5699999999999998E-2,2.04,0,0,0,0,0,0,0,0,0,0,0.9,1.3,0.9,0.9,0.9,0.9,0.9,0.9,0.9,0.9,0.9,0.9,180,260,180,180,180,180,180,180,180,180,180,180,,110000,1.3
110002,A,WS SF,6569,7379,7326,6901,7310,7426,7262,7718,7559,8449,7478,7477,9550.2000000000007,9775.6,0,0,0,0,0,0,0,0,0,0,1,1.3248,0,0,0,0,0,0,0,0,0,0,1,1.3,0.9,0.9,0.9,0.9,0.9,0.9,0.9,0.9,0.9,0.9,175,227.5,157.5,157.5,157.5,157.5,157.5,157.5,157.5,157.5,157.5,157.5,,110000,1.3
110002,R,WS SF,3714,3503,4050,3324,2780,3525,3237,3679,3688,4106,3324,3317,4758.0999999999985,5558.5999999999995,0,0,0,0,0,0,0,0,0,0,1,1,0,0,0,0,0,0,0,0,0,0,1,1,0.9,0.9,0.9,0.9,0.9,0.9,0.9,0.9,0.9,0.9,350,350,315,315,315,315,315,315,315,315,315,315,,110000,1
110002,B,WS SF,640,359,402,592,547,640,587,609,577,562,576,579,111.99999999888,157.99999999842004,0,0,0,0,0,0,0,0,0,0,0.17499999999999999,0.44009999999999999,0,0,0,0,0,0,0,0,0,0,0.9,0.9,0.9,0.9,0.9,0.9,0.9,0.9,0.9,0.9,0.9,0.9,315,315,315,315,315,315,315,315,315,315,315,315,,110000,0.9
110002,P,WS SF,716,318,318,530,434,269,688,394,446,587,616,614,708.01019999999994,630.53999999999985,0,0,0,0,0,0,0,0,0,0,0.98880000000000001,1.9827999999999999,0,0,0,0,0,0,0,0,0,0,1,1.3,0.9,0.9,0.9,0.9,0.9,0.9,0.9,0.9,0.9,0.9,525,682.5,472.5,472.5,472.5,472.5,472.5,472.5,472.5,472.5,472.5,472.5,,110000,1.3
110002,Y,WS SF,1123,1321,1428,1505,1480,1460,1534,1585,1833,1347,1197,1215,409.99999999199986,897.99999998267947,0,0,0,0,0,0,0,0,0,0,1,1,0,0,0,0,0,0,0,0,0,0,1,1,0.9,0.9,0.9,0.9,0.9,0.9,0.9,0.9,0.9,0.9,525,525,472.5,472.5,472.5,472.5,472.5,472.5,472.5,472.5,472.5,472.5,,110000,1
110002,AP,WS SF,430,471,516,589,483,422,602,629,508,541,457,460,1285.0800000000004,1242.1799999999998,0,0,0,0,0,0,0,0,0,0,2.9885999999999999,2.6373000000000002,0,0,0,0,0,0,0,0,0,0,1.3,1.3,0.9,0.9,0.9,0.9,0.9,0.9,0.9,0.9,0.9,0.9,227.5,227.5,157.5,157.5,157.5,157.5,157.5,157.5,157.5,157.5,157.5,157.5,,110000,1.3
110002,M,WS SF,36,40,31,33,34,35,38,48,38,36,34,34,83,67.400000000000006,0,0,0,0,0,0,0,0,0,0,2.3056000000000001,1.6850000000000001,0,0,0,0,0,0,0,0,0,0,1.3,1.3,0.9,0.9,0.9,0.9,0.9,0.9,0.9,0.9,0.9,0.9,455,455,315,315,315,315,315,315,315,315,315,315,,110000,1.3
110002,Q,WS SF,22,25,26,19,23,30,21,37,34,31,48,52,70.271999999999991,0,0,0,0,0,0,0,0,0,0,0,3.1941999999999999,0,0,0,0,0,0,0,0,0,0,0,1.3,0.9,0.9,0.9,0.9,0.9,0.9,0.9,0.9,0.9,0.9,0.9,455,315,315,315,315,315,315,315,315,315,315,315,,110000,0.9
110002,RK,WS SF,57,80,25,17,27,67,66,98,72,66,70,75,32.4,97.2,0,0,0,0,0,0,0,0,0,0,0.56840000000000002,1.2150000000000001,0,0,0,0,0,0,0,0,0,0,0.9,1.3,0.9,0.9,0.9,0.9,0.9,0.9,0.9,0.9,0.9,0.9,157.5,227.5,157.5,157.5,157.5,157.5,157.5,157.5,157.5,157.5,157.5,157.5,,110000,1.3
110002,NS,WS SF,19,18,19,14,12,19,14,14,11,14,18,19,50.4,24.48,0,0,0,0,0,0,0,0,0,0,2.6526000000000001,1.36,0,0,0,0,0,0,0,0,0,0,1.3,1.3,0.9,0.9,0.9,0.9,0.9,0.9,0.9,0.9,0.9,0.9,455,455,315,315,315,315,315,315,315,315,315,315,,110000,1.3
110002,T,WS SF,317,227,242,246,201,236,300,311,297,308,237,242,272.40000000000009,231.6,0,0,0,0,0,0,0,0,0,0,0.85929999999999995,1.0203,0,0,0,0,0,0,0,0,0,0,0.9,1.03,0.9,0.9,0.9,0.9,0.9,0.9,0.9,0.9,0.9,0.9,157.5,180.25,157.5,157.5,157.5,157.5,157.5,157.5,157.5,157.5,157.5,157.5,,110000,1.03
110003,A,WS WH,12065,13563,13359,12500,13413,13648,13336,14154,13870,15482,13540,13530,8033.6,17348.8,0,0,0,0,0,0,0,0,0,0,1,1.2790999999999999,0,0,0,0,0,0,0,0,0,0,1,1.3,0.9,0.9,0.9,0.9,0.9,0.9,0.9,0.9,0.9,0.9,350,455,315,315,315,315,315,315,315,315,315,315,,110000,1.3
110003,R,WS WH,7983,7531,8710,7141,5975,7581,6965,7906,7929,8819,7138,7142,8907.0999999999985,11648.399999999998,0,0,0,0,0,0,0,0,0,0,1,1,0,0,0,0,0,0,0,0,0,0,1,1,0.9,0.9,0.9,0.9,0.9,0.9,0.9,0.9,0.9,0.9,525,525,472.5,472.5,472.5,472.5,472.5,472.5,472.5,472.5,472.5,472.5,,110000,1
110003,B,WS WH,56,33,37,52,48,56,52,54,51,51,52,53,0,0,0,0,0,0,0,0,0,0,0,0,0,0,0,0,0,0,0,0,0,0,0,0,0.9,0.9,0.9,0.9,0.9,0.9,0.9,0.9,0.9,0.9,0.9,0.9,787.5,787.5,787.5,787.5,787.5,787.5,787.5,787.5,787.5,787.5,787.5,787.5,,110000,0.9
110003,P,WS WH,3016,1331,1337,2231,1826,1133,2895,1660,1873,2467,2583,2587,739.01160000000004,4091.6123999999995,0,0,0,0,0,0,0,0,0,0,0.245,3.0741000000000001,0,0,0,0,0,0,0,0,0,0,0.9,1.3,0.9,0.9,0.9,0.9,0.9,0.9,0.9,0.9,0.9,0.9,315,455,315,315,315,315,315,315,315,315,315,315,,110000,1.3
110003,Y,WS WH,856,959,939,1088,987,998,1010,1113,1183,1041,998,835,35.999999999639996,1055.9999999883601,0,0,0,0,0,0,0,0,0,0,1,1,0,0,0,0,0,0,0,0,0,0,1,1,0.9,0.9,0.9,0.9,0.9,0.9,0.9,0.9,0.9,0.9,350,350,315,315,315,315,315,315,315,315,315,315,,110000,1
110003,AP,WS WH,2970,3248,3569,4070,3345,2921,4177,4373,3521,3737,3151,3151,3326.4,2016,0,0,0,0,0,0,0,0,0,0,1.1200000000000001,0.62070000000000003,0,0,0,0,0,0,0,0,0,0,1.1499999999999999,0.9,0.9,0.9,0.9,0.9,0.9,0.9,0.9,0.9,0.9,0.9,201.25,157.5,157.5,157.5,157.5,157.5,157.5,157.5,157.5,157.5,157.5,157.5,,110000,0.9
110003,M,WS WH,433,487,395,420,427,441,496,737,483,441,554,545,443,1450.2,0,0,0,0,0,0,0,0,0,0,1.0230999999999999,2.9777999999999998,0,0,0,0,0,0,0,0,0,0,1.03,1.3,0.9,0.9,0.9,0.9,0.9,0.9,0.9,0.9,0.9,0.9,180.25,227.5,157.5,157.5,157.5,157.5,157.5,157.5,157.5,157.5,157.5,157.5,,110000,1.3
110003,Q,WS WH,21,26,27,18,24,34,22,45,42,31,55,55,0,0,0,0,0,0,0,0,0,0,0,0,0,0,0,0,0,0,0,0,0,0,0,0,0.9,0.9,0.9,0.9,0.9,0.9,0.9,0.9,0.9,0.9,0.9,0.9,157.5,157.5,157.5,157.5,157.5,157.5,157.5,157.5,157.5,157.5,157.5,157.5,,110000,0.9
110003,RK,WS WH,21,29,17,10,16,23,24,18,25,24,25,24,10.799999999999999,0,0,0,0,0,0,0,0,0,0,0,0.51429999999999998,0,0,0,0,0,0,0,0,0,0,0,0.9,0.9,0.9,0.9,0.9,0.9,0.9,0.9,0.9,0.9,0.9,0.9,157.5,157.5,157.5,157.5,157.5,157.5,157.5,157.5,157.5,157.5,157.5,157.5,,110000,0.9
110003,NS,WS WH,49,50,44,40,40,44,41,40,34,40,45,43,0,62.999999999999993,0,0,0,0,0,0,0,0,0,0,0,1.26,0,0,0,0,0,0,0,0,0,0,0.9,1.3,0.9,0.9,0.9,0.9,0.9,0.9,0.9,0.9,0.9,0.9,157.5,227.5,157.5,157.5,157.5,157.5,157.5,157.5,157.5,157.5,157.5,157.5,,110000,1.3
110003,T,WS WH,50,37,39,40,32,38,49,50,48,49,38,39,102,24,0,0,0,0,0,0,0,0,0,0,2.04,0.64859999999999995,0,0,0,0,0,0,0,0,0,0,1.3,0.9,0.9,0.9,0.9,0.9,0.9,0.9,0.9,0.9,0.9,0.9,227.5,157.5,157.5,157.5,157.5,157.5,157.5,157.5,157.5,157.5,157.5,157.5,,110000,0.9
150001,A,Top WS,57038,59080,57020,56834,54875,61013,62390,61398,65758,53664,53490,59805,41110.1,52562.6,0,0,0,0,0,0,0,0,0,0,1,0.88970000000000005,0,0,0,0,0,0,0,0,0,0,1,0.9,0.9,0.9,0.9,0.9,0.9,0.9,0.9,0.9,0.9,0.9,200,180,180,180,180,180,180,180,180,180,180,180,,150000,0.9
150001,R,Top WS,26381,24457,30120,27173,22457,28020,23396,26927,22899,28502,20902,17352,20897.399999999998,22960.800000000003,0,0,0,0,0,0,0,0,0,0,1,1,0,0,0,0,0,0,0,0,0,0,1,1,0.9,0.9,0.9,0.9,0.9,0.9,0.9,0.9,0.9,0.9,400,400,360,360,360,360,360,360,360,360,360,360,,150000,1
150001,B,Top WS,14076,14830,12917,12267,12363,12030,16104,19215,18465,10305,13086,18060,18063.999999819363,16269.999999837302,0,0,0,0,0,0,0,0,0,0,1.2833000000000001,1.0971,0,0,0,0,0,0,0,0,0,0,1.3,1.1000000000000001,0.9,0.9,0.9,0.9,0.9,0.9,0.9,0.9,0.9,0.9,1040,880,720,720,720,720,720,720,720,720,720,720,,150000,1.1000000000000001
150001,P,Top WS,2691,2308,221,140,1594,177,2673,1162,480,1163,2591,1636,102.303,321.57899999999995,0,0,0,0,0,0,0,0,0,0,3.7999999999999999E-2,0.13930000000000001,0,0,0,0,0,0,0,0,0,0,0.9,0.9,0.9,0.9,0.9,0.9,0.9,0.9,0.9,0.9,0.9,0.9,360,360,360,360,360,360,360,360,360,360,360,360,,150000,0.9
150001,Y,Top WS,3799,3023,4145,2808,5584,3215,4624,4930,4127,2549,3312,3680,1728.9999999691674,4609.9999999335105,0,0,0,0,0,0,0,0,0,0,1,1,0,0,0,0,0,0,0,0,0,0,1,1,0.9,0.9,0.9,0.9,0.9,0.9,0.9,0.9,0.9,0.9,600,600,540,540,540,540,540,540,540,540,540,540,,150000,1
150001,AP,Top WS,3320,4306,3993,4127,4477,3506,5438,5482,4280,4130,5343,3750,3928.6200000000003,5880.84,0,0,0,0,0,0,0,0,0,0,1.1833,1.3656999999999999,0,0,0,0,0,0,0,0,0,0,1.2,1.3,0.9,0.9,0.9,0.9,0.9,0.9,0.9,0.9,0.9,0.9,240,260,180,180,180,180,180,180,180,180,180,180,,150000,1.3
150001,M,Top WS,235,425,295,451,621,530,625,703,656,646,780,470,818.19999999999993,335.7,0,0,0,0,0,0,0,0,0,0,3.4817,0.78990000000000005,0,0,0,0,0,0,0,0,0,0,1.3,0.9,0.9,0.9,0.9,0.9,0.9,0.9,0.9,0.9,0.9,0.9,260,180,180,180,180,180,180,180,180,180,180,180,,150000,0.9
150001,Q,Top WS,12,,9,16,14,16,18,19,,11,,,5.76,28.224,0,0,0,0,0,0,0,0,0,0,0.48,0,0,0,0,0,0,0,0,0,0,0,0.9,0.9,0.9,0.9,0.9,0.9,0.9,0.9,0.9,0.9,0.9,0.9,360,360,360,360,360,360,360,360,360,360,360,360,,150000,0.9
150001,RK,Top WS,323,43,331,,405,193,373,417,99,265,287,271,248.40000000000003,88.2,0,0,0,0,0,0,0,0,0,0,0.76900000000000002,2.0512000000000001,0,0,0,0,0,0,0,0,0,0,0.9,1.3,0.9,0.9,0.9,0.9,0.9,0.9,0.9,0.9,0.9,0.9,180,260,180,180,180,180,180,180,180,180,180,180,,150000,1.3
150001,NS,Top WS,244,250,238,262,232,262,244,263,244,250,244,265,0,66.06,0,0,0,0,0,0,0,0,0,0,0,0.26419999999999999,0,0,0,0,0,0,0,0,0,0,0.9,0.9,0.9,0.9,0.9,0.9,0.9,0.9,0.9,0.9,0.9,0.9,360,360,360,360,360,360,360,360,360,360,360,360,,150000,0.9
150001,T,Top WS,546,156,383,243,260,266,282,333,342,258,96,222,265.20000000000005,261.60000000000002,0,0,0,0,0,0,0,0,0,0,0.48570000000000002,1.6769000000000001,0,0,0,0,0,0,0,0,0,0,0.9,1.3,0.9,0.9,0.9,0.9,0.9,0.9,0.9,0.9,0.9,0.9,180,260,180,180,180,180,180,180,180,180,180,180,,150000,1.3
130001,A,Top WS,220236,247537,243862,228132,244855,249128,243376,258315,253152,282572,247134,247128,236700.4,226483.9,0,0,0,0,0,0,0,0,0,0,1,0.91490000000000005,0,0,0,0,0,0,0,0,0,0,1,0.95,0.9,0.9,0.9,0.9,0.9,0.9,0.9,0.9,0.9,0.9,200,190,180,180,180,180,180,180,180,180,180,180,,130000,0.95
130001,R,Top WS,70644,66627,77064,63182,52862,67067,61561,69952,70153,78091,63166,63160,52658,55385.1,0,0,0,0,0,0,0,0,0,0,1,1,0,0,0,0,0,0,0,0,0,0,1,1,0.9,0.9,0.9,0.9,0.9,0.9,0.9,0.9,0.9,0.9,400,400,360,360,360,360,360,360,360,360,360,360,,130000,1
130001,B,Top WS,4407,2481,2776,4079,3780,4406,4041,4210,3976,3897,3976,4044,2799.9999999720003,4299.999999957,0,0,0,0,0,0,0,0,0,0,0.63539999999999996,1.7332000000000001,0,0,0,0,0,0,0,0,0,0,0.9,1.3,0.9,0.9,0.9,0.9,0.9,0.9,0.9,0.9,0.9,0.9,720,1040,720,720,720,720,720,720,720,720,720,720,,130000,1.3
130001,P,Top WS,3251,1436,1443,2405,1970,1221,3122,1789,2020,2660,2785,2786,4299.1289999999999,0,0,0,0,0,0,0,0,0,0,0,1.3224,0,0,0,0,0,0,0,0,0,0,0,1.3,0.9,0.9,0.9,0.9,0.9,0.9,0.9,0.9,0.9,0.9,0.9,520,360,360,360,360,360,360,360,360,360,360,360,,130000,0.9
130001,Y,Top WS,1855,2187,2363,2654,2445,2414,2690,2787,3196,2391,2007,2010,5519.9999998596186,2024.9999999689201,0,0,0,0,0,0,0,0,0,0,1,1,0,0,0,0,0,0,0,0,0,0,1,1,0.9,0.9,0.9,0.9,0.9,0.9,0.9,0.9,0.9,0.9,600,600,540,540,540,540,540,540,540,540,540,540,,130000,1
130001,AP,Top WS,20587,22514,24734,28218,23185,20250,28954,30318,24410,25904,21838,21837,24595.200000000001,26230.499999999996,0,0,0,0,0,0,0,0,0,0,1.1947000000000001,1.1651,0,0,0,0,0,0,0,0,0,0,1.2,1.2,0.9,0.9,0.9,0.9,0.9,0.9,0.9,0.9,0.9,0.9,240,240,180,180,180,180,180,180,180,180,180,180,,130000,1.2
130001,M,Top WS,1776,2016,1639,1735,1767,1822,2052,3047,1999,1819,2288,2291,1990.0000000000002,1436.0000000000002,0,0,0,0,0,0,0,0,0,0,1.1205000000000001,0.71230000000000004,0,0,0,0,0,0,0,0,0,0,1.1499999999999999,0.9,0.9,0.9,0.9,0.9,0.9,0.9,0.9,0.9,0.9,0.9,230,180,180,180,180,180,180,180,180,180,180,180,,130000,0.9
130001,Q,Top WS,111,135,142,93,126,179,117,235,212,164,286,288,160.99199999999999,156.672,0,0,0,0,0,0,0,0,0,0,1.4503999999999999,1.1605000000000001,0,0,0,0,0,0,0,0,0,0,1.3,1.2,0.9,0.9,0.9,0.9,0.9,0.9,0.9,0.9,0.9,0.9,520,480,360,360,360,360,360,360,360,360,360,360,,130000,1.2
130001,RK,Top WS,2014,2999,1629,564,43,2650,2377,3707,2641,2339,2545,2554,1794,1080,0,0,0,0,0,0,0,0,0,0,0.89080000000000004,0.36009999999999998,0,0,0,0,0,0,0,0,0,0,0.9,0.9,0.9,0.9,0.9,0.9,0.9,0.9,0.9,0.9,0.9,0.9,180,180,180,180,180,180,180,180,180,180,180,180,,130000,0.9
130001,NS,Top WS,733,698,733,498,421,733,519,536,372,495,686,700,502.40000000000003,747.19999999999993,0,0,0,0,0,0,0,0,0,0,0.68540000000000001,1.0705,0,0,0,0,0,0,0,0,0,0,0.9,1.1000000000000001,0.9,0.9,0.9,0.9,0.9,0.9,0.9,0.9,0.9,0.9,360,440,360,360,360,360,360,360,360,360,360,360,,130000,1.1000000000000001
130001,T,Top WS,1579,1129,1193,1220,992,1168,1491,1536,1464,1524,1175,1179,1395.6000000000004,1291.2,0,0,0,0,0,0,0,0,0,0,0.88390000000000002,1.1436999999999999,0,0,0,0,0,0,0,0,0,0,0.9,1.1499999999999999,0.9,0.9,0.9,0.9,0.9,0.9,0.9,0.9,0.9,0.9,180,230,180,180,180,180,180,180,180,180,180,180,,130000,1.1499999999999999
130002,A,WS SF,15111,16984,16731,15651,16800,17092,16697,17723,17368,19384,16956,16959,25314.9,25517.4,0,0,0,0,0,0,0,0,0,0,1,1.5024,0,0,0,0,0,0,0,0,0,0,1,1.3,0.9,0.9,0.9,0.9,0.9,0.9,0.9,0.9,0.9,0.9,175,227.5,157.5,157.5,157.5,157.5,157.5,157.5,157.5,157.5,157.5,157.5,,130000,1.3
130002,R,WS SF,9981,9411,10886,8924,7467,9474,8696,9883,9910,11033,8921,8918,7318.8,11646.199999999999,0,0,0,0,0,0,0,0,0,0,1,1,0,0,0,0,0,0,0,0,0,0,1,1,0.9,0.9,0.9,0.9,0.9,0.9,0.9,0.9,0.9,0.9,350,350,315,315,315,315,315,315,315,315,315,315,,130000,1
130002,B,WS SF,3133,1765,1975,2900,2688,3134,2873,2994,2828,2771,2829,2877,429.99999999569997,2245.9999999775396,0,0,0,0,0,0,0,0,0,0,0.13719999999999999,1.2725,0,0,0,0,0,0,0,0,0,0,0.9,1.3,0.9,0.9,0.9,0.9,0.9,0.9,0.9,0.9,0.9,0.9,315,455,315,315,315,315,315,315,315,315,315,315,,130000,1.3
130002,P,WS SF,1487,657,660,1099,900,558,1427,818,924,1216,1220,1273,804.83939999999996,702.67619999999999,0,0,0,0,0,0,0,0,0,0,0.5413,1.0694999999999999,0,0,0,0,0,0,0,0,0,0,0.9,1.1000000000000001,0.9,0.9,0.9,0.9,0.9,0.9,0.9,0.9,0.9,0.9,472.5,577.5,472.5,472.5,472.5,472.5,472.5,472.5,472.5,472.5,472.5,472.5,,130000,1.1000000000000001
130002,Y,WS SF,810,952,1031,1157,1067,1053,1172,1216,1393,1043,875,874,575.99999998429189,1453.9999999564664,0,0,0,0,0,0,0,0,0,0,1,1,0,0,0,0,0,0,0,0,0,0,1,1,0.9,0.9,0.9,0.9,0.9,0.9,0.9,0.9,0.9,0.9,525,525,472.5,472.5,472.5,472.5,472.5,472.5,472.5,472.5,472.5,472.5,,130000,1
130002,AP,WS SF,3860,4221,4638,5291,4348,3796,5430,5684,4577,4858,4095,4092,4071.84,5022.18,0,0,0,0,0,0,0,0,0,0,1.0548999999999999,1.1898,0,0,0,0,0,0,0,0,0,0,1.06,1.2,0.9,0.9,0.9,0.9,0.9,0.9,0.9,0.9,0.9,0.9,189,210,157.5,157.5,157.5,157.5,157.5,157.5,157.5,157.5,157.5,157.5,,130000,1.2
130002,M,WS SF,354,406,329,348,354,365,412,612,403,365,460,467,158.60000000000002,417.3,0,0,0,0,0,0,0,0,0,0,0.44800000000000001,1.0278,0,0,0,0,0,0,0,0,0,0,0.9,1.03,0.9,0.9,0.9,0.9,0.9,0.9,0.9,0.9,0.9,0.9,315,360.5,315,315,315,315,315,315,315,315,315,315,,130000,1.03
130002,Q,WS SF,75,92,97,65,86,122,79,160,145,113,195,197,67.391999999999996,34.56,0,0,0,0,0,0,0,0,0,0,0.89859999999999995,0.37569999999999998,0,0,0,0,0,0,0,0,0,0,0.9,0.9,0.9,0.9,0.9,0.9,0.9,0.9,0.9,0.9,0.9,0.9,315,315,315,315,315,315,315,315,315,315,315,315,,130000,0.9
130002,RK,WS SF,421,626,341,116,8,554,495,772,552,486,532,539,162,639,0,0,0,0,0,0,0,0,0,0,0.38479999999999998,1.0207999999999999,0,0,0,0,0,0,0,0,0,0,0.9,1.03,0.9,0.9,0.9,0.9,0.9,0.9,0.9,0.9,0.9,0.9,157.5,180.25,157.5,157.5,157.5,157.5,157.5,157.5,157.5,157.5,157.5,157.5,,130000,1.03
130002,NS,WS SF,189,180,190,128,109,190,133,136,96,127,180,183,246.76,60.739999999999995,0,0,0,0,0,0,0,0,0,0,1.3056000000000001,0.33739999999999998,0,0,0,0,0,0,0,0,0,0,1.3,0.9,0.9,0.9,0.9,0.9,0.9,0.9,0.9,0.9,0.9,0.9,455,315,315,315,315,315,315,315,315,315,315,315,,130000,0.9
130002,T,WS SF,320,229,242,246,203,236,302,312,295,309,237,239,200.4,4.8000000000000007,0,0,0,0,0,0,0,0,0,0,0.62629999999999997,2.1000000000000001E-2,0,0,0,0,0,0,0,0,0,0,0.9,0.9,0.9,0.9,0.9,0.9,0.9,0.9,0.9,0.9,0.9,0.9,157.5,157.5,157.5,157.5,157.5,157.5,157.5,157.5,157.5,157.5,157.5,157.5,,130000,0.9
130003,A,WS WH,15302,17199,16945,15853,17013,17309,16909,17949,17592,19633,17170,17178,12086.3,11470.2,0,0,0,0,0,0,0,0,0,0,1,0.66690000000000005,0,0,0,0,0,0,0,0,0,0,1,0.9,0.9,0.9,0.9,0.9,0.9,0.9,0.9,0.9,0.9,0.9,350,315,315,315,315,315,315,315,315,315,315,315,,130000,0.9
130003,R,WS WH,16272,15346,17753,14552,12175,15449,14180,16113,16161,17988,14554,14551,11168.600000000002,11939.8,0,0,0,0,0,0,0,0,0,0,1,1,0,0,0,0,0,0,0,0,0,0,1,1,0.9,0.9,0.9,0.9,0.9,0.9,0.9,0.9,0.9,0.9,525,525,472.5,472.5,472.5,472.5,472.5,472.5,472.5,472.5,472.5,472.5,,130000,1
130003,B,WS WH,6741,3796,4248,6240,5782,6742,6182,6439,6083,5962,6084,6182,119.99999999879999,1799.999999982,0,0,0,0,0,0,0,0,0,0,1.78E-2,0.47420000000000001,0,0,0,0,0,0,0,0,0,0,0.9,0.9,0.9,0.9,0.9,0.9,0.9,0.9,0.9,0.9,0.9,0.9,787.5,787.5,787.5,787.5,787.5,787.5,787.5,787.5,787.5,787.5,787.5,787.5,,130000,0.9
130003,P,WS WH,574,253,255,424,348,216,552,316,358,470,492,493,794.78459999999995,0,0,0,0,0,0,0,0,0,0,0,1.3846000000000001,0,0,0,0,0,0,0,0,0,0,0,1.3,0.9,0.9,0.9,0.9,0.9,0.9,0.9,0.9,0.9,0.9,0.9,455,315,315,315,315,315,315,315,315,315,315,315,,130000,0.9
130003,Y,WS WH,2897,3413,3689,4143,3818,3769,4200,4352,4989,3732,3136,3136,1597.9999999461115,3997.9999999012271,0,0,0,0,0,0,0,0,0,0,1,1,0,0,0,0,0,0,0,0,0,0,1,1,0.9,0.9,0.9,0.9,0.9,0.9,0.9,0.9,0.9,0.9,350,350,315,315,315,315,315,315,315,315,315,315,,130000,1
130003,AP,WS WH,1287,1407,1546,1764,1449,1266,1810,1895,1526,1619,1365,1363,1209.5999999999999,504,0,0,0,0,0,0,0,0,0,0,0.93989999999999996,0.35820000000000002,0,0,0,0,0,0,0,0,0,0,0.95,0.9,0.9,0.9,0.9,0.9,0.9,0.9,0.9,0.9,0.9,0.9,166.25,157.5,157.5,157.5,157.5,157.5,157.5,157.5,157.5,157.5,157.5,157.5,,130000,0.9
130003,M,WS WH,1168,1325,1077,1140,1159,1195,1347,2001,1314,1194,1508,1504,2063.5,1328.5,0,0,0,0,0,0,0,0,0,0,1.7666999999999999,1.0025999999999999,0,0,0,0,0,0,0,0,0,0,1.3,1.03,0.9,0.9,0.9,0.9,0.9,0.9,0.9,0.9,0.9,0.9,227.5,180.25,157.5,157.5,157.5,157.5,157.5,157.5,157.5,157.5,157.5,157.5,,130000,1.03
130003,Q,WS WH,11,14,15,10,13,18,12,24,22,17,30,29,0,0,0,0,0,0,0,0,0,0,0,0,0,0,0,0,0,0,0,0,0,0,0,0,0.9,0.9,0.9,0.9,0.9,0.9,0.9,0.9,0.9,0.9,0.9,0.9,157.5,157.5,157.5,157.5,157.5,157.5,157.5,157.5,157.5,157.5,157.5,157.5,,130000,0.9
130003,RK,WS WH,100,148,81,27,1,131,118,183,131,115,126,126,135,27,0,0,0,0,0,0,0,0,0,0,1.35,0.18240000000000001,0,0,0,0,0,0,0,0,0,0,1.3,0.9,0.9,0.9,0.9,0.9,0.9,0.9,0.9,0.9,0.9,0.9,227.5,157.5,157.5,157.5,157.5,157.5,157.5,157.5,157.5,157.5,157.5,157.5,,130000,0.9
130003,NS,WS WH,150,141,149,101,86,149,106,109,75,100,142,139,118.80000000000001,118.80000000000001,0,0,0,0,0,0,0,0,0,0,0.79200000000000004,0.84260000000000002,0,0,0,0,0,0,0,0,0,0,0.9,0.9,0.9,0.9,0.9,0.9,0.9,0.9,0.9,0.9,0.9,0.9,157.5,157.5,157.5,157.5,157.5,157.5,157.5,157.5,157.5,157.5,157.5,157.5,,130000,0.9
130003,T,WS WH,100,71,76,77,63,74,94,97,93,96,74,75,0,0,0,0,0,0,0,0,0,0,0,0,0,0,0,0,0,0,0,0,0,0,0,0,0.9,0.9,0.9,0.9,0.9,0.9,0.9,0.9,0.9,0.9,0.9,0.9,157.5,157.5,157.5,157.5,157.5,157.5,157.5,157.5,157.5,157.5,157.5,157.5,,130000,0.9
,,,,,,,,,,,,,,,,,,,,,,,,,,,,,,,,,,,,,,,,,,,,,,,,,,,,,,,,,,,,,,,,,
,,,,,,,,,,,,,,,,,,,,,,,,,,,,,,,,,,,,,,,,,,,,,,,,,,,,,,,,,,,,,,,,,
