Salesman Code,Merge,Salesman BI,Product Group,April,May,June,July,August,September,October,November,December,January,February,March
5490000725,5490000725BD,5490000725,BD,,,,,,,,,,54158.999999460262,72859.99999927546,77300.999999231455
5490000725,5490000725YY,5490000725,YY,,,,,,,,,,4682.9999999266156,5154.9999999125776,3891.9999999313573
5490000725,5490000725AJ,5490000725,AJ,,,,,,,,,,3291.2000000000003,3803,3996.4
5490000725,5490000725RD,5490000725,RD,,,,,,,,,,1525.26,1817.3599999999997,2096.1
5490000725,5490000725PDC,5490000725,PDC,,,,,,,,,,702.84959999999978,857.46060000000011,722.99040000000025
5490000725,5490000725AJP,5490000725,AJP,,,,,,,,,,493.9199999999999,503.99999999999989,362.87999999999994
5490000725,5490000725RDC,5490000725,RDC,,,,,,,,,,702.71999999999991,178.56,126.72
5490000725,5490000725TKM,5490000725,TKM,,,,,,,,,,136.80000000000001,232.8,141.60000000000002
5490000725,5490000725RM,5490000725,RM,,,,,,,,,,62,128.19999999999999,64.8
5490000725,5490000725RKR,5490000725,RKR,,,,,,,,,,25.199999999999996,14.399999999999999,14.399999999999999
5490000725,5490000725QM,5490000725,QM,,,,,,,,,,16,13,8
1190064722,1190064722RD,1190064722,RD,532387.36000000068,455190.7,464090.39999999991,449158.0999999998,30232,,,,,,,
1190064722,1190064722AJ,1190064722,AJ,379972.1,305303.09999999998,237457.59999999998,302376.09999999998,7856,,,,,,,
1190064722,1190064722YY,1190064722,YY,234274.99999630844,220341.99999682978,211945.99999658953,270052.99999642337,9805.9999998337771,,,,,,,
1190064722,1190064722BD,1190064722,BD,102601.99999897571,111638.9999988846,156115.99999844056,152243.99999848011,755.99999999246415,,,,,,,
1190064722,1190064722PDC,1190064722,PDC,63013.214399999983,37471.602600000006,34061.270999999993,38720.304600000003,4823.1647999999986,,,,,,,
1190064722,1190064722TKM,1190064722,TKM,35876.400000000023,30743.999999999982,28983.599999999977,51828.000000000044,2808,,,,,,,
1190064722,1190064722RM,1190064722,RM,32320.899999999969,27392.099999999969,24362.399999999987,29863.899999999994,1166.5000000000002,,,,,,,
1190064722,1190064722RDC,1190064722,RDC,22019.040000000001,19909.440000000024,15828.192000000006,16240.032000000028,1908.864,,,,,,,
1190064722,1190064722AJP,1190064722,AJP,15906.239999999991,12176.639999999998,10120.319999999987,12952.799999999979,715.68,,,,,,,
1190064722,1190064722RKR,1190064722,RKR,16165.199999999992,10859.399999999991,11651.399999999998,4128,,,,,,,,
1190064722,1190064722ND,1190064722,ND,2351.7200000000012,2305.7400000000025,2917.5600000000027,2132.6600000000003,196.02,,,,,,,
1190064722,1190064722FP,1190064722,FP,4234.4640000000072,1310.9279999999994,955.84799999999939,1381.0559999999991,131.25599999999997,-14.568,,,,,,
1190064722,1190064722AMV,1190064722,AMV,6.9999999998880016,6.9999999998880007,10.999999999824002,144.99999999767999,,,,,,,,
1190064722,1190064722LPD,1190064722,LPD,,,12,12,12,,,,,,,
1190064722,1190064722AJA,1190064722,AJA,,0.99999999999000011,3.9999999999600004,28,,,,,,-18.100000000000001,-0.2,
5490000721,5490000721AJ,5490000721,AJ,373.20000000000005,1183.6560000000002,547.6,1214.4000000000001,1178.7,682.8,1117.9000000000001,2231.6000000000004,2499.1999999999998,729.59999999999991,2481.6000000000004,1599.2
5490000721,5490000721RD,5490000721,RD,386.80000000000007,642.89999999999986,320.38000000000005,541.53,370.19999999999993,495.50000000000006,560.99999999999989,1364.6650000000002,1152.7999999999993,219.2,602,672.8
5490000721,5490000721FP,5490000721,FP,218.88,817.45200000000011,189.31199999999998,386.60399999999993,613.39800000000014,540.25200000000018,541.84800000000018,570.18000000000018,525.07200000000012,199.77599999999998,,
5490000721,5490000721BD,5490000721,BD,165.99999999839986,150.81666666522995,213.99999999792581,199.99999999814386,219.79999999790275,172.999999998318,296.49999999713958,223.58333333116681,281.99999999725765,101.16666666569799,267.83333333078673,212.99999999797788
5490000721,5490000721YY,5490000721,YY,151.99999999869607,266.83333333073585,154.94166666503509,92.183333332418997,309.05833333061503,102.49999999884405,248.61666666431512,211.84444444207909,346.05555555207258,15.79166666645,179.62222222058705,175.56944444227003
5490000721,5490000721TKM,5490000721,TKM,85.2,211.00000000000003,152.60000000000002,141.80000000000001,207.10000000000005,207.60000000000005,252.20000000000007,213.60000000000011,205.40000000000012,170.8,89.800000000000011,226.60000000000011
5490000721,5490000721PDC,5490000721,PDC,114.2598,64.53,75.474199999999996,58.976999999999997,122.3052,81.84,159.89259999999996,168.80399999999995,155.73719999999994,84.382199999999997,45.730699999999999,119.60579999999999
5490000721,5490000721RM,5490000721,RM,77.5,88.740000000000009,56.08,56.5,148.07999999999998,107.6,119.6,45.730000000000004,114,35,53.875,51.3
5490000721,5490000721RDC,5490000721,RDC,31.68,61.92,20.16,56.16,25.200000000000003,54.72,47.519999999999996,14.4,51.84,46.08,43.2,21.6
5490000721,5490000721FP,5490000721,FP,,,,,,,,,,,316.12799999999987,126.19199999999999
5490000721,5490000721AMV,5490000721,AMV,16.999999999728001,9.99999999984,44.99999999928,,37.999999999391996,40.999999999344006,23.999999999616001,39.999999999360007,11.999999999808001,3.9999999999360005,13.99999999968,32.999999999471996
5490000721,5490000721RKR,5490000721,RKR,5.3999999999999995,4.59,16.2,5.3999999999999995,10.799999999999999,34.199999999999996,26.999999999999996,16.2,28.799999999999997,5.129999999999999,23.4,5.3999999999999995
5490000721,5490000721AJP,5490000721,AJP,10.08,,10.08,,20.16,10.08,20.16,,30.240000000000002,,,30.240000000000002
5490000721,5490000721QM,5490000721,QM,,,,,14,13,23,8,15,4,10,8
5490000721,5490000721AJA,5490000721,AJA,,,,,,,,,,,2.9999999999360001,
5490000721,5490000721SWEET,5490000721,SWEET,,,,-0.4,,,,,,,,
5490000721,5490000721STICK,5490000721,STICK,,-0.24,,,-0.06,,-0.28800000000000003,,,-0.28800000000000003,,
5490000720,5490000720RD,5490000720,RD,24742.500000000007,15600.1,175624.8,47132.700000000004,11655.4,21063.599999999995,23159.300000000007,16213.900000000001,31911.799999999992,30826.199999999986,23160.999999999996,32116.599999999995
5490000720,5490000720AJ,5490000720,AJ,20763.099999999999,21043.400000000005,31462,12542.2,25783.3,22771,38293,45497.200000000012,33922.899999999994,27893.599999999995,45596.000000000007,44298.999999999993
5490000720,5490000720BD,5490000720,BD,34622.99999965421,16903.999999831012,14807.999999852198,23692.999999763753,7054.9999999295324,17289.999999827331,8022.9999999199244,27272.999999727519,22041.99999977979,12044.999999879672,15252.999999847587,20633.999999794003
5490000720,5490000720YY,5490000720,YY,10914.999999864984,13285.999999841639,7305.9999998937119,18326.99999976164,20179.999999765856,3913.9999999432048,7750.9999998949525,20356.999999774293,23682.999999684384,14245.99999979643,3985.9999999192642,17028.999999788812
5490000720,5490000720AJP,5490000720,AJP,1743.8400000000004,3094.5600000000004,3870.7200000000025,3709.4400000000005,2338.559999999999,2479.6800000000017,4233.6000000000031,4445.2800000000016,5140.8000000000011,2328.4800000000014,4374.7200000000012,6219.3600000000042
5490000720,5490000720TKM,5490000720,TKM,1219.2,2089.1999999999998,2428.8000000000002,1905.6,3651.6000000000013,2514.0000000000009,3355.2000000000007,3836.4000000000015,2574.0000000000014,3891.6000000000008,2512.7999999999997,3927.6000000000013
5490000720,5490000720PDC,5490000720,PDC,6992.159400000005,162.9864,1052.7084,1401.0317999999997,1039.9086000000002,1336.4801999999997,1099.2617999999998,2651.6375999999987,2195.2079999999974,1611.2285999999995,1534.0067999999992,2629.5353999999979
5490000720,5490000720ND,5490000720,ND,380.76,979.04,1593.5000000000009,594.9,616.91999999999996,1128.46,981.6,786.2,678.06,1149.8600000000001,991.84,1120.98
5490000720,5490000720RM,5490000720,RM,567.79999999999995,708.40000000000009,1047.1999999999998,303,210.60000000000002,751.8,1350.8000000000002,707.2,1269.2,768.8,732.60000000000014,896.2
5490000720,5490000720RDC,5490000720,RDC,184.89600000000004,323.71200000000005,326.59199999999987,203.32799999999995,261.50400000000002,433.72799999999995,202.7519999999999,337.53600000000006,639.93599999999969,318.52800000000002,230.97599999999997,385.34400000000005
5490000720,5490000720RKR,5490000720,RKR,210.60000000000008,151.20000000000002,232.20000000000005,48.599999999999994,194.4,156.6,540.00000000000023,345.60000000000019,356.40000000000009,97.199999999999989,334.80000000000013,162.00000000000003
5490000720,5490000720HDSH,5490000720,HDSH,96,204,168,252,276,144,240,252,228,240,144,312
5490000720,5490000720LPD,5490000720,LPD,108,108,156,108,96,102,126,126,96,198,150,168
5490000719,5490000719AJ,5490000719,AJ,264672,273057.2,243160,275276,269772,266682.40000000002,324536,385240,246880,220788,292528,341636
5490000719,5490000719RD,5490000719,RD,156526.60000000003,157634.20000000007,156825.80000000002,148699.20000000004,153953.20000000004,187839.30000000005,214441.00000000012,226150.10000000006,175622.90000000005,142213.50000000003,163078.29999999999,230817.70000000007
5490000719,5490000719YY,5490000719,YY,98997.999998565487,86022.999998856903,83482.999998827072,102390.83333183554,112121.99999842244,106561.99999846781,142378.99999706598,113710.99999841298,127980.99999788674,118966.99999842612,95458.99999880002,126984.99999832052
5490000719,5490000719PDC,5490000719,PDC,44012.719799999992,14084.488799999999,31742.68139999999,37110.068999999989,25825.899599999986,40915.389599999973,37627.636799999993,74227.505999999994,56243.531999999992,17505.975599999994,23221.329599999997,58124.025599999972
5490000719,5490000719BD,5490000719,BD,30044.999999703727,30316.999999702261,33848.999999664447,32658.999999676791,31017.999999698419,32574.999999679963,52065.999999483349,32572.999999680917,35797.999999661406,40491.99999960453,32694.999999692085,48706.999999538195
5490000719,5490000719AJP,5490000719,AJP,15190.559999999998,13668.48,8648.6399999999976,15109.920000000004,17075.520000000004,18446.400000000005,22730.399999999998,25189.919999999998,15976.800000000001,13487.039999999999,17922.239999999998,18678.240000000002
5490000719,5490000719RM,5490000719,RM,7338.2,6477.9999999999982,7753.2000000000007,8052,7514.5999999999995,8457.7999999999993,8926.7999999999993,9548,8679.7999999999993,8656.2000000000007,8814.7999999999993,9398.2000000000007
5490000719,5490000719RDC,5490000719,RDC,6992.6400000000012,4440.96,6744.9600000000055,6969.6000000000095,7395.84,7781.7600000000011,7787.5200000000041,8369.2800000000025,6537.6000000000031,6935.0400000000018,7597.4400000000014,6808.3200000000033
5490000719,5490000719TKM,5490000719,TKM,6026.4000000000005,5023.2000000000007,5251.2000000000007,5880.0000000000009,5671.2000000000007,5227.2000000000007,6576,6466.8,8695.1999999999989,8346,6993.6,7842
5490000719,5490000719ND,5490000719,ND,3920.4,1306.8000000000002,1502.8200000000002,4778.8200000000006,3554.6399999999985,4556.8799999999992,3531.9600000000009,4510.6200000000008,3539.8800000000006,5222.3400000000011,3944.52,4258.62
5490000719,5490000719RKR,5490000719,RKR,4033.8,3780,2802.6000000000004,2683.8,4455,2219.4000000000005,4617,3942,2673,4249.8,4525.2,3564
5490000719,5490000719SWEET,5490000719,SWEET,396,,,,,,,,,,,
5490000718,5490000718YY,5490000718,YY,2082.9999999614161,3775.9999999208162,5597.9999998596932,4647.9999998820331,2562.9999999489,4409.9999998886251,5565.9999998635285,3296.9999999172715,4407.999999891922,2620.9999999443116,2137.9999999619999,2883.9999999329284
5490000718,5490000718AJ,5490000718,AJ,1538.6,1438.4,1355,1555.3,1514,1270.4000000000001,1123.0999999999999,1294.5999999999999,1179.8,3996,2151.6,2883.1
5490000718,5490000718BD,5490000718,BD,1416.9999999861893,2457.9999999760612,1373.9999999864517,2009.9999999801992,2119.9999999791175,1955.9999999805889,2269.9999999778574,1782.9999999825229,2184.9999999784613,1479.9999999854815,391.99999999651203,1203.9999999883316
5490000718,5490000718RD,5490000718,RD,630.40000000000009,1179.2,963.20000000000016,752.2,1510.0999999999997,849.6,1098,653.70000000000005,1173.1000000000001,1571.5,1436.8,2088.9
5490000718,5490000718TKM,5490000718,TKM,1142.4000000000001,765.60000000000025,1363.2000000000003,542.4,1291.1999999999998,988.8,1036.8000000000002,604.80000000000007,867.59999999999991,561.59999999999991,708,1184.4000000000001
5490000718,5490000718FP,5490000718,FP,442.32,293.88,10.199999999999999,144,3150.6,,407.4,108,118.2,10.199999999999999,,
5490000718,5490000718PDC,5490000718,PDC,236.03580000000002,337.08240000000001,83.982600000000005,241.98119999999992,270.20700000000005,94.787999999999997,272.81879999999995,271.40219999999999,164.87639999999999,183.20399999999998,186.80759999999998,176.92919999999998
5490000718,5490000718RM,5490000718,RM,227.2,163.5,258.2,147,166,204.6,194.4,174.7,284,85.6,18,482.29999999999995
5490000718,5490000718RDC,5490000718,RDC,84.960000000000008,253.44,211.67999999999998,177.12,216,144,325.43999999999994,96.480000000000018,190.08,139.68,34.56,459.35999999999996
5490000718,5490000718AJP,5490000718,AJP,151.19999999999999,171.36000000000004,171.36,80.64,181.44000000000005,120.96000000000001,362.87999999999994,,,70.56,514.07999999999993,20.16
5490000718,5490000718RKR,5490000718,RKR,122.4,106.19999999999999,91.800000000000011,66.599999999999994,124.19999999999999,23.4,277.2,32.4,136.79999999999998,63,71.999999999999986,79.2
5490000718,5490000718FP,5490000718,FP,,,,,,,,,,,21.024000000000001,348.79199999999997
5490000718,5490000718AMV,5490000718,AMV,19.99999999968,6.9999999998880007,11.999999999808001,26.999999999568001,6.9999999998880007,20.999999999663999,35.999999999423999,9.99999999984,37.999999999392003,0.99999999998400013,4.99999999992,59.999999999040007
5490000718,5490000718QM,5490000718,QM,,,,,,,,,,104,50,
5490000718,5490000718SWEET,5490000718,SWEET,12,,,,,,,,,,,
5490000718,5490000718STICK,5490000718,STICK,,9.36,,,,,,,,,,
5490000717,5490000717AJ,5490000717,AJ,209871.2,102929.79999999999,150764.1,173563.1,116599.29999999999,135695,200239.50000000003,122404.90000000001,165910.90000000002,137059.79999999999,91694.8,239399.8
5490000717,5490000717RD,5490000717,RD,180237.56000000003,63610.619999999988,105005.68000000004,118706.57999999997,98137.380000000019,119604.91999999998,97990.979999999981,123270.72000000004,158118.53999999998,129151.71999999999,80159.920000000013,148168.28000000003
5490000703,5490000717YY,5490000717,YY,128507.99999830886,87536.99999858877,90041.999998686821,90681.999998773754,77959.999998857136,145942.99999817676,124533.99999847672,90102.999998724728,110547.99999842915,121357.99999811433,88142.999998608342,122332.99999819462
5490000703,5490000717BD,5490000717,BD,55596.999999452186,23080.999999772579,23242.999999777683,37392.99999962849,42983.999999579661,33341.999999672968,54124.999999463435,51739.999999513551,54645.999999467851,46290.999999550804,18550.99999981745,46268.99999954438
5490000703,5490000717PDC,5490000717,PDC,48870.723000000005,23250.269399999994,21047.891999999996,39786.344400000009,29118.31199999998,34908.675600000031,34973.792400000006,56204.787000000018,46399.067400000022,47689.205400000013,25511.432999999997,34595.957400000007
5490000717,5490000717RM,5490000717,RM,18084.499999999989,11270.099999999997,12770.100000000004,14651.399999999992,12186.699999999993,13219.299999999992,13329.299999999997,15381.799999999992,18951.099999999988,14109.399999999996,13722.400000000005,18678.200000000012
5490000717,5490000717TKM,5490000717,TKM,13520.399999999998,11105.999999999993,15915.599999999984,11281.199999999997,14844.000000000002,14519.999999999996,11487.599999999993,11629.199999999995,12431.999999999996,11974.79999999999,11613.599999999997,11867.999999999998
5490000717,5490000717AJP,5490000717,AJP,20660.16,3265.9199999999996,9907.44,14072.159999999996,7321.3199999999988,9555.4799999999977,11892.84,11892.84,11434.8,12910.92,10221.119999999999,20698.68
5490000717,5490000717RDC,5490000717,RDC,8602.8480000000091,5421.8880000000045,6954.0480000000189,7028.3520000000226,6060.9600000000091,6981.9840000000158,5924.4480000000103,5204.7360000000072,7939.2960000000166,6175.2960000000085,6663.7440000000097,8435.5200000000114
5490000703,5490000717RKR,5490000717,RKR,3562.2,3544.2000000000016,3878.9999999999991,2691.0000000000018,2880,3970.8,3506.400000000001,2768.4000000000019,3796.2000000000021,2313.0000000000032,4633.2000000000016,3015.0000000000005
5490000717,5490000717ND,5490000717,ND,534.59999999999991,677.16,677.1600000000002,689.04,748.44000000000028,623.70000000000005,564.29999999999995,689.04000000000019,5518.4400000000005,3277.98,2614.8599999999997,4602.4199999999992
1190064716,1190064716BD,1190064716,BD,52537.999999476328,21763.999999787997,30825.999999693067,45721.999999547035,37311.999999638057,24554.999999756848,45292.999999549109,37671.999999627646,49396.999999510001,877.99999999126817,,
1190064716,1190064716YY,1190064716,YY,7583.9999998554922,7434.999999859373,4819.9999999288921,4093.9999999316442,5867.9999998769499,9180.9999998694675,5224.9999999105712,4540.9999999113752,5586.999999893188,,,
1190064716,1190064716AJ,1190064716,AJ,3694.2000000000003,4687.6000000000004,4089.4,5517.4,4061.4,4282,3910.7999999999997,2844.6000000000004,4357.2,,,
1190064716,1190064716RD,1190064716,RD,2169.8000000000002,2418.4,1587.56,2107.1800000000003,1908.1200000000003,2584.3600000000006,1802.1200000000003,1561.5600000000002,2665.92,,,
1190064716,1190064716PDC,1190064716,PDC,1012.5222000000001,1561.0062,1185.8003999999999,733.57199999999989,1402.4010000000005,1470.8267999999994,866.74919999999986,2920.1945999999994,767.50739999999985,,,
1190064716,1190064716AJP,1190064716,AJP,423.3599999999999,544.31999999999994,725.75999999999988,1179.3600000000001,655.19999999999993,423.35999999999996,503.99999999999989,302.39999999999998,433.43999999999994,,,
1190064716,1190064716TKM,1190064716,TKM,182.40000000000003,148.80000000000001,228.00000000000003,158.40000000000003,196.8,271.20000000000005,151.20000000000002,93.6,237.60000000000002,,,
1190064716,1190064716RDC,1190064716,RDC,205.05600000000001,172.8,134.78399999999999,126.72,142.84800000000001,294.91200000000003,119.80799999999999,93.311999999999998,162.43199999999996,,,
1190064716,1190064716RM,1190064716,RM,132.6,473.8,113.6,73.8,127.8,187.6,87.2,75.8,117.2,,,
1190064716,1190064716RKR,1190064716,RKR,48.599999999999994,73.8,43.199999999999996,61.199999999999989,68.399999999999991,43.199999999999996,46.8,61.199999999999989,52.199999999999996,,,
1190064716,1190064716QM,1190064716,QM,,,,,170,,23,16,20,,,
1190064716,1190064716STICK,1190064716,STICK,,,,1.44,,,,,,,,
5490000705,1190064712RD,1190064712,RD,1444254.2000000065,1467780.7,1691290.7000000016,1869665.9000000027,1462692.6000000201,1675708.9000000097,900419.00000000314,2116399.3000000035,1648960.2000000179,2229459.2999999984,1333895.7000000025,1351927.4000000029
5490000711,1190064712AJ,1190064712,AJ,1236813.6000000008,1252688.8000000033,1629270.399999999,1390727.9999999977,1285443.2000000018,1434184.0000000014,1364165.6000000013,1578297.6000000013,1351439.9999999977,1399042.799999997,1332106.4000000004,1310375.9999999995
5490000711,1190064712YY,1190064712,YY,432072.99999397446,300104.9999951463,399057.99999339541,378834.99999393307,481379.9999924674,364684.9999942914,359896.99999478721,470485.99999248568,388404.99999418965,620701.99998964393,297051.99999539036,343487.99999557412
5490000714,1190064712BD,1190064712,BD,320764.99999679322,275764.99999724404,263158.99999736977,338621.99999661418,304051.99999695993,354763.99999645393,258179.99999741919,343345.99999656714,335070.99999665091,369115.99999630917,254018.99999746081,257986.99999742184
5490000714,1190064712PDC,1190064712,PDC,161692.65899999917,84993.359400000219,152833.02479999978,364422.24359999906,374302.17719999596,168493.0445999981,287950.4819999942,351803.4407999987,276848.36639999767,211162.04999999914,450222.8273999957,175619.60279999915
5490000711,1190064712AJP,1190064712,AJP,121171.6800000006,121836.96000000054,103430.88000000024,129467.52000000022,111807.36000000042,108843.84000000048,104227.20000000023,168598.08000000025,154627.20000000042,147611.52000000069,107301.60000000038,93673.440000000162
5490000714,1190064712TKM,1190064712,TKM,73818.000000000218,61520.400000000074,80462.400000000081,68799.600000000311,86104.800000000148,79926.000000000044,75939.600000000239,87679.199999999968,88993.199999999983,98842.800000000192,88203.599999999977,69046.799999999886
5490000705,1190064712RM,1190064712,RM,105687.99999999946,44631.800000000047,31156.000000000076,118194.79999999986,28192.200000000015,22029.200000000055,35226.00000000008,109927.19999999992,95263.999999999913,62822.200000000266,25550.400000000067,29051.200000000081
5490000705,1190064712ND,1190064712,ND,22494.439999999981,34482.819999999963,32464.11999999997,37835.279999999919,40678.119999999952,35021.199999999968,26213.059999999896,76264.020000000062,50821.459999999861,61161.179999999731,55009.639999999563,29939.419999999882
5490000711,1190064712RKR,1190064712,RKR,14169.599999999873,23463.000000000022,15946.19999999991,9071.9999999999945,22004.999999999964,25790.399999999994,22869.000000000131,21708,29424.600000000384,9088.1999999999662,8769.6000000000331,19380.599999999995
5490000705,1190064712RDC,1190064712,RDC,8922.2400000001253,16447.680000000171,16633.152000000009,13301.568000000134,16390.656000000072,11257.920000000109,10497.600000000088,22030.848000000009,23172.479999999607,20127.167999999987,15564.67200000007,19373.184000000048
1190064712,1190064712LPD,1190064712,LPD,4992,2700,3762,5064,6894,4956,5160,8436,10080,3756,6366,5418
1190064712,1190064712HDSH,1190064712,HDSH,4836,3156,6468,4020,4704,5736,5736,6180,8940,2700,5820,2952
1190064712,1190064712LQSS,1190064712,LQSS,1056,1212,1104,1074,1836,1374,1626,1302,2004,1404,1302,1512
1190064712,1190064712SBU,1190064712,SBU,680.3999999999993,653.39999999999895,912.59999999999832,1106.9999999999984,1150.1999999999998,1058.399999999998,1096.1999999999991,1598.4000000000028,1382.3999999999994,1398.6000000000015,1031.3999999999987,842.3999999999993
5490000710,5490000710AMV,5490000710,AMV,402.99999999124799,775.99999998633575,1113.9999999810238,1466.999999972928,2306.9999999550719,1719.9999999672962,3424.9999999270563,3960.9999999322081,2695.9999999497122,1839.9999999681609,1458.9999999756478,1504.9999999703978
5490000710,5490000710AJA,5490000710,AJA,,12.999999999479998,10,12.999999999627999,48.999999998538001,47.999999998259995,46.999999998745984,19.9999999996,9.9999999995999982,20.999999999399996,17.999999999465999,34.999999998599996
5490000709,5490000709RD,5490000709,RD,,,,,431800.05999999982,501328.63999999978,582733.02000000025,375123.77999999991,392926.6999999996,565465.89999999991,388554.21999999986,550965.78
5490000709,5490000709AJ,5490000709,AJ,,,,,298229.00000000006,297832.09999999998,527077,317496.50000000006,195801.5,339777.70000000007,274898.80000000005,276569.09999999998
5490000713,5490000709YY,5490000709,YY,,,,,209731.99999646406,183357.99999717099,273531.99999591371,167734.99999778744,208354.99999666802,224765.99999647774,154763.99999747178,201322.99999702667
5490000713,5490000709BD,5490000709,BD,,,,,143026.99999857144,131150.99999871489,147306.99999852816,150275.99999850133,164838.99999835683,231767.99999769204,111514.99999889388,140640.99999860683
5490000713,5490000709PDC,5490000709,PDC,,,,,44923.82039999999,43055.514599999988,62539.539000000004,56392.459199999968,41492.971199999978,63130.459199999968,24692.686200000007,37562.627400000012
5490000709,5490000709TKM,5490000709,TKM,,,,,32761.199999999975,30681.600000000006,43293.599999999999,29081.999999999982,20763.599999999991,38935.200000000004,20444.400000000001,31352.399999999991
5490000709,5490000709RM,5490000709,RM,,,,,25655.750000000004,38334.950000000012,23800.999999999982,27070.600000000024,18633.749999999982,30346.199999999946,18370.800000000003,31242.899999999976
5490000709,5490000709RDC,5490000709,RDC,,,,,19737.216000000011,24974.208000000024,25770.23999999998,9798.9120000000003,14023.008000000013,25962.336000000007,15647.616000000013,22690.944000000021
5490000709,5490000709AJP,5490000709,AJP,,,,,12065.760000000004,15311.519999999999,13537.439999999999,33969.600000000006,7197.1200000000017,9938.8799999999992,5120.6400000000003,11037.599999999999
5490000709,5490000709RKR,5490000709,RKR,,,,,13273.199999999999,11490.600000000004,10584,6589.7999999999993,9760.2000000000007,9498.6,6403.2000000000016,10334.400000000005
5490000709,5490000709ND,5490000709,ND,,,,,6760.7400000000025,3410.7199999999993,3388.5800000000013,3735.8600000000006,4860.0800000000008,7786.1800000000012,3948.4399999999991,5659.08
5490000713,5490000709FP,5490000709,FP,,,,,1532.2079999999992,3123.9360000000061,584.18399999999974,6124.5839999999971,2083.5839999999989,3367.5840000000026,,-46.847999999999999
5490000709,5490000709LPD,5490000709,LPD,,,,,252,1110,102,408,156,480,432,522
5490000709,5490000709QM,5490000709,QM,,,,,,,,462,218,1884,,136
5490000713,5490000709FP,5490000709,FP,,,,,,,,,,,,177.84
5490000713,5490000709AJA,5490000709,AJA,,,,,34.99999999776,,,59.999999997887997,-26.000000000010001,3.99999999998,,
5490000709,5490000709AMV,5490000709,AMV,,,,,,,,,26.999999999568004,38.999999999376001,,
5490000708,5490000708AJ,5490000708,AJ,12639.2,12276.4,26528,30329,64919.4,64879.8,42660,2799.2,,,,
5490000708,5490000708AJP,5490000708,AJP,2197.4399999999996,1854.4799999999998,4094.8199999999997,4739.9399999999996,8716.14,15741.659999999998,18465.599999999999,11815.62,,14592.3,28145.160000000003,2520.66
5490000708,5490000708RD,5490000708,RD,860.88,2795.2000000000003,19224.34,15687.56,12198.700000000003,31709.400000000009,20373,2936.1,42.000000000000007,112.00000000000001,50.400000000000006,33.6
5490000708,5490000708YY,5490000708,YY,7459.9999998955054,8078.9999998825679,15384.999999734246,11571.474999885941,18169.999999823573,15533.999999748034,12199.999999742633,854.99999998965632,,,,
5490000708,5490000708RM,5490000708,RM,935.6,999.3,1864.4999999999995,1265.8600000000004,1080.5,2289.9999999999995,1596.7,1629.1,1606.7,1572.8,2473.1999999999998,996.7
5490000708,5490000708TKM,5490000708,TKM,631.19999999999993,1681.1999999999998,1963.1999999999996,1153.6000000000001,2819.9999999999995,3747.6000000000004,1811.9999999999998,1773.6,,,,
5490000708,5490000708AMV,5490000708,AMV,194.99999998920001,169.99999999728001,615.99999998726423,948.70833331498579,265.99999999574402,1183.9999999746719,898.99999997851205,1315.9999999769759,1000.9999999835522,575.99999998939211,1405.9999999782481,1246.9999999767758
5490000708,5490000708ND,5490000708,ND,184.33999999999997,95.14,587.93999999999994,494.53999999999996,433.19999999999993,618.46,573.5,607.4,189,462.3,1066.3399999999999,322.10000000000002
5490000708,5490000708QM,5490000708,QM,,70,129,741,126,186,242,460,158,117,592,766
5490000708,5490000708RDC,5490000708,RDC,234.14400000000001,271.584,656.35199999999963,259.42399999999998,229.82399999999998,630.43199999999979,366.62399999999991,342.14399999999989,,78.335999999999999,,
5490000708,5490000708AJA,5490000708,AJA,38.999999999170001,88.99999999789199,189.99999999598796,143.99999999545801,23.999999999516,290.99999998933009,216.999999993362,150.999999995548,57.999999997663977,45.999999998619991,198.99999999315196,217.99999999008799
5490000708,5490000708LQSS,5490000708,LQSS,72,120,240,84,42,,,,,,,
5490000708,5490000708RKR,5490000708,RKR,116.4,125.4,280.79999999999995,-79.61,,,,,,,,
5490000708,5490000708LPD,5490000708,LPD,12,30,60,24,30,18,66,30,,30,30,
5490000708,5490000708HDSH,5490000708,HDSH,,24,60,20,24,,,,,,,
5490000708,5490000708SBU,5490000708,SBU,5.4,,27.000000000000004,27.000000000000004,10.8,,,,,,,
5490000708,5490000708STICK,5490000708,STICK,33.407999999999994,,,-0.38400000000000001,,,,,,,,
5490000708,5490000708SUP,5490000708,SUP,,,100,-524,,,,,,,,
5490000707,5490000707AJ,5490000707,AJ,79816,74460,50672,78400,101220,75600,94720,177704,69620,36240,49084,80908
5490000707,5490000707RD,5490000707,RD,39043,67894,37365,67821,70536,66623,73706,135846.6,74214,30012,48103,83016.400000000009
5490000707,5490000707ND,5490000707,ND,15334.2,8793,3315.6000000000004,10220.4,6048,5036.3999999999996,10549.800000000001,24943.5,6660,3538.8,15427.8,16729.02
5490000707,5490000707YY,5490000707,YY,12839.999999871608,10319.999999896805,6899.9999999310003,8639.9999999136016,9899.9999999010015,5399.9999999460015,9419.9999999058018,10433.999999895588,11256.999999887388,4472.9999999550719,6239.9999999376023,22775.999999382289
5490000707,5490000707AJP,5490000707,AJP,7560,8033.76,3528,8064,8064,8064,9576,19817.28,11088,4032,2520,9979.2000000000007
5490000707,5490000707RM,5490000707,RM,4720,6360,3468,5720,6226,5236,7390,16752,5295.2,6664,5878,5597.5999999999995
5490000707,5490000707RKR,5490000707,RKR,4020,9276,2406,1984.8000000000002,5148,8700,8022,12150,5790,4044,5640,7506
5490000707,5490000707RDC,5490000707,RDC,2520,2016,1872,5054.3999999999996,6379.2,4017.6,7315.2,10670.4,5580,7812,7099.2,10661.76
5490000707,5490000707TKM,5490000707,TKM,3247.2000000000007,3537.6000000000004,3566.4000000000015,4773.6000000000004,4992.0000000000009,3199.2000000000012,5767.2000000000025,8702.3999999999978,4140,2524.8000000000006,3984,4252.8000000000011
5490000707,5490000707PDC,5490000707,PDC,2986.9560000000001,218.7,291.59999999999997,1603.8,1239.3,1418.1479999999999,2714.018399999999,4155.7860000000001,2043.6299999999997,952.56,2424.654,2957.6987999999997
5490000707,5490000707BD,5490000707,BD,2479.99999997532,3621.9999999639113,2637.9999999738484,354.99999999648008,242.99999999782804,398.99999999630398,1375.999999986816,2475.9999999752758,301.99999999729192,897.99999999136787,599.99999999400006,2259.9999999774
5490000707,5490000707FP,5490000707,FP,573.56399999999985,1328.3399999999997,648.75599999999986,557.14799999999991,1234.6079999999997,2495.8919999999998,1665.6839999999997,4780.4040000000005,774.24,1480.5840000000001,,
5490000707,5490000707LPD,5490000707,LPD,900,1800,600,900,1080,660,1080,2616,1050,480,1560,1860
5490000707,5490000707AMV,5490000707,AMV,4.99999999992,19.999999999680004,30.999999999503995,16.999999999728001,33.999999999455994,19.999999999680004,9.9999999998400018,24.999999999215994,47.999999998799993,31.999999999199996,,
5490000707,5490000707AJA,5490000707,AJA,,,,,,,,9.9999999995039985,6.9999999996479998,3.9999999997919997,,
5490000706,5490000706AJ,5490000706,AJ,83211.5,93124.95,98943,87675,99449.5,98111.25,97653.45,97883.5,101987.5,151793.5,94080,116612.95
5490000706,5490000706BD,5490000706,BD,3329.9666666336479,4409.5999999561773,6361.266666603643,6348.9666666034282,7979.9999999205884,2750.9999999726265,893.96666665809767,1979.9999999804745,2962.9666666375879,4330.9999999570973,3814.9999999626407,3497.9333332987671
5490000706,5490000706RD,5490000706,RD,2326.4399999999996,2428.3899999999958,1793.1399999999981,2645.8800000000033,2650.9399999999991,2523.0700000000011,2408.8199999999997,2358.5800000000004,2605.8400000000011,2359.5800000000013,2285.8899999999976,2759.079999999999
5490000706,5490000706YY,5490000706,YY,2607.9833332995267,2447.5999999622418,1527.2611110864671,2647.1388888445999,2854.5277777501929,2461.8611110751317,1673.2499999715342,1682.9722221960558,2598.1944444052247,1215.7222222029743,1845.4999999693084,2844.8888888479873
5490000706,5490000706TKM,5490000706,TKM,1811.9999999999984,1855.1999999999964,1903.1999999999996,2171.4999999999991,2059.1999999999975,2021.9999999999977,1659.5999999999976,1837.1999999999982,1883.9999999999984,1193.9999999999993,1774.7999999999984,2427.8000000000002
5490000706,5490000706PDC,5490000706,PDC,582.86339999999973,663.29520000000014,318.59219999999993,567.46890000000008,541.84230000000002,580.8429000000001,535.61160000000007,4437.3284999999987,728.80479999999966,6010.9853999999996,421.85459999999995,638.4534000000001
5490000706,5490000706RM,5490000706,RM,802.00000000000023,1284.9199999999998,664.88,1046.4399999999996,1137.7899999999997,1131.8399999999999,643.26,900.26999999999987,868.2700000000001,1234.3,845.38999999999987,1076.4999999999998
5490000706,5490000706FP,5490000706,FP,215.136,4521.8639999999987,96,108.60000000000002,88.799999999999983,171.66200000000001,2084.0879999999993,1020.3979999999998,204.62399999999994,122.85600000000001,-0.23799999999999999,
5490000706,5490000706RDC,5490000706,RDC,349.75999999999965,411.91999999999979,307.63999999999987,497.11999999999961,604.72000000000014,503.59999999999968,417.75999999999982,272.95999999999981,426.07999999999976,534.51999999999975,409.03999999999979,345.59999999999985
5490000706,5490000706RKR,5490000706,RKR,237.6,337.10999999999973,133.59000000000003,93.36,165.12,151.68000000000004,433.5599999999996,158.4,189.00000000000003,284.04000000000002,163.62,292.08000000000004
5490000706,5490000706AJP,5490000706,AJP,218.94000000000011,153.54000000000002,206.07000000000005,223.8600000000001,200.91000000000005,178.62000000000003,203.94000000000005,168.30000000000004,163.62,208.8600000000001,231.60000000000005,251.52000000000012
5490000706,5490000706QM,5490000706,QM,,,14,59,30,67,29,28,76,11.9375,276,42.9375
5490000706,5490000706ND,5490000706,ND,,,138.6,12.6,,25.2,25.2,12.6,62.999999999999993,37.799999999999997,75.599999999999994,
5490000706,5490000706FP,5490000706,FP,,,,,,,,,,,240.864,63.96
5490000706,5490000706STICK,5490000706,STICK,28.500000000000007,24.996000000000009,12.384000000000004,,,,-0.57599999999999996,-9.6000000000000002E-2,-0.06,,,
5490000706,5490000706AMV,5490000706,AMV,0.99999999998400013,2.9999999999520002,3.9999999999360005,,3.9999999999360005,1.9999999999680003,4.9999999999200009,1.9999999999680003,3.9999999999360005,6.9999999998880007,1.9999999999680003,11.999999999808002
5490000706,5490000706HDSH,5490000706,HDSH,,,,,,,,,,,24,
5490000706,5490000706LQSS,5490000706,LQSS,,,,,,,,,,,,24
5490000708,5490000704BD,5490000704,BD,486157.99999519897,452922.99999565643,455433.99999551696,445840.99999562372,499495.99999517621,403458.99999598478,483645.99999532691,484973.99999529601,533113.99999476341,434666.99999589991,447937.74999564397,520788.99999485019
5490000702,5490000704YY,5490000704,YY,481029.49999182695,431791.08332558983,423862.08332568535,466368.99999172438,470935.24999151286,361705.58332674106,513376.24999068264,423735.99999201979,445770.9999921752,467515.33332487859,362679.66665976972,512796.66665697709
5490000704,5490000704AJ,5490000704,AJ,349267.58000000048,349498.58000000048,345868.64000000054,363339.12000000058,352063.74000000034,335194.00000000029,356191.24000000028,282062.40000000014,322732.9200000001,372055.3800000003,271079.4800000001,362409.96000000049
5490000704,5490000704RD,5490000704,RD,212206.39999999962,206359.31999999925,206332.55999999939,196189.13999999946,228859.57999999964,214645.49999999968,270329.79999999888,180163.49999999997,183948.07999999975,217062.6799999997,163379.02000000011,221778.3199999991
5490000708,5490000704PDC,5490000704,PDC,82759.062000000049,67649.743800000026,58934.515200000082,70724.333400000163,58405.423800000084,95848.932600000015,59037.394200000184,117247.98539999999,123094.80480000004,88103.423399999971,60877.779000000024,98957.134199999622
5490000704,5490000704AJP,5490000704,AJP,47547.359999999993,48079.019999999975,45662.39999999998,50515.799999999996,49608.59999999994,49550.699999999953,53955.659999999945,45170.819999999992,51967.319999999963,75436.13999999997,27301.56,51221.399999999972
5490000704,5490000704TKM,5490000704,TKM,28795.199999999964,29780.399999999976,32042.399999999932,30212.399999999965,32131.199999999993,32823.59999999994,31990.799999999959,26086.799999999952,28157.999999999931,37749.59999999994,23477.999999999989,30830.399999999965
5490000704,5490000704RM,5490000704,RM,26559.400000000005,23824.300000000021,20226.400000000009,25303.000000000007,27042.100000000009,20540.900000000005,23043.199999999997,22049.499999999993,21232.7,27491.600000000013,20151.400000000001,26088.900000000005
5490000704,5490000704RDC,5490000704,RDC,20728.223999999998,12309.696000000058,15132.384000000106,19661.760000000038,15434.784000000085,17154.432000000088,26051.616000000082,13694.400000000032,15471.072000000071,22103.424000000057,11265.504000000019,15705.216000000133
5490000704,5490000704RKR,5490000704,RKR,17231.400000000005,13640.399999999981,12494.579999999984,9630.0000000000036,15989.400000000007,9610.2000000000044,12529.799999999987,11195.999999999989,11149.199999999988,13838.399999999989,8625.6000000000022,12144.599999999984
5490000704,5490000704ND,5490000704,ND,166.32,196.01999999999998,273.23999999999995,267.29999999999995,291.05999999999995,207.89999999999995,19957.320000000003,6157.44,9356.9399999999987,12234.960000000001,4975.92,8514.3600000000024
5490000702,5490000704AJA,5490000704,AJA,,,,,,,26.999999998272003,,7.9999999994879998,14.99999999904,16.999999998912003,19.99999999872
5490000704,5490000704STICK,5490000704,STICK,2.3040000000000003,1.1520000000000001,1.1520000000000001,1.1520000000000001,0,,,,,,,
5490000701,5490000701AJ,5490000701,AJ,26034,14334,24832,21878,21798,35522,21620,17938,22110,31612,3759.9999999999995,32610
5490000701,5490000701YY,5490000701,YY,25078.999999687778,17056.999999770691,15912.999999775431,21795.999999740987,18217.999999783417,16033.9999997797,20975.999999747659,15480.999999780306,15396.999999788333,19572.999999755353,12391.999999809204,15538.999999809696
5490000701,5490000701RD,5490000701,RD,13365.06,9934.1799999999985,11910.82,12094.46,11349.439999999999,15887.24,10266.140000000001,7423.04,13182.48,15882.359999999999,10194.6,10785.34
5490000701,5490000701BD,5490000701,BD,11337.999999892649,10512.999999895015,11271.999999889309,12294.999999879459,9352.9999999077263,10133.999999900345,7725.999999924953,16140.999999850406,12007.999999891985,12056.999999883577,7019.9999999297997,9632.9999999087413
5490000701,5490000701TKM,5490000701,TKM,6132.0000000000009,2846.4,5008.8000000000011,5268,5992.8,4099.2000000000007,6338.4000000000015,4274.3999999999996,2887.2,6717.5999999999995,3321.6,4236
5490000701,5490000701PDC,5490000701,PDC,6354.1890000000003,2313.4176000000002,4126.4111999999996,4233.0846000000001,3028.6055999999999,4434.1151999999993,5417.6214,2840.3975999999998,4232.2938000000004,4444.1753999999992,2262.5495999999998,1042.0583999999999
5490000701,5490000701RDC,5490000701,RDC,2664.576,882.43200000000024,1708.992,1621.44,1972.5120000000004,2760.7680000000009,1978.2719999999999,2551.9680000000008,1851.5519999999997,2365.920000000001,425.66399999999999,3176.6400000000003
5490000701,5490000701RM,5490000701,RM,2127.4,1198.2,1388,2080.8000000000002,2006.6000000000001,2868.0000000000005,1676.3999999999999,1111.3999999999999,1479.3999999999999,2086.3000000000002,1066,1408.8
5490000701,5490000701AJP,5490000701,AJP,1552.32,342.71999999999997,846.7199999999998,1128.9599999999998,866.88,1622.8799999999999,967.68,1088.6399999999999,1128.96,977.76,,2016
5490000701,5490000701RKR,5490000701,RKR,842.4,617.4,1107,423,766.8,1357.2,675,782.99999999999989,775.8,973.8,426.59999999999997,892.80000000000007
5490000701,5490000701ND,5490000701,ND,130.68,142.56,130.68,130.68,196.02,65.34,130.68,485.82000000000005,344.88,538.38,,817.92000000000007
5490000701,5490000701FP,5490000701,FP,235.23599999999999,194.94,166.34399999999999,168.55199999999999,368.952,895.36800000000005,301.46400000000006,299.62799999999999,235.72799999999998,,,
5490000701,5490000701QM,5490000701,QM,,,,,,748,,87,50,44,201,242
5490000701,5490000701FP,5490000701,FP,,,,,,,,,,,546.85200000000009,560.17199999999991
5490000701,5490000701SWEET,5490000701,SWEET,182,,,,,,,,,,,
5490000701,5490000701STICK,5490000701,STICK,59.760000000000005,35.712000000000003,,,,,,,,,,
