ROW\COL,A,B,C,D,E,F,G,H,I,J,K,L,M,N,O,P
1,Salesman Code,Merge,Salesman BI,Product Group,April,May,June,July,August,September,October,November,December,January,February,March
2,"=_xlfn.IFNA(VLOOKUP(B2,Mapping!C:D,2,FALSE),C2)",=C2&D2,5490000725,BD,,,,,,,,,,54158.99999946026,72859.99999927546,77300.99999923146
3,"=_xlfn.IFNA(VLOOKUP(B3,Mapping!C:D,2,FALSE),C3)",=C3&D3,5490000725,YY,,,,,,,,,,4682.999999926616,5154.999999912578,3891.9999999313573
4,"=_xlfn.IFNA(VLOOKUP(B4,Mapping!C:D,2,FALSE),C4)",=C4&D4,5490000725,AJ,,,,,,,,,,3291.2000000000003,3803,3996.4
5,"=_xlfn.IFNA(VLOOKUP(B5,Mapping!C:D,2,FALSE),C5)",=C5&D5,5490000725,RD,,,,,,,,,,1525.26,1817.3599999999997,2096.1
6,"=_xlfn.IFNA(VLOOKUP(B6,Mapping!C:D,2,FALSE),C6)",=C6&D6,5490000725,PDC,,,,,,,,,,702.8495999999998,857.4606000000001,722.9904000000002
7,"=_xlfn.IFNA(VLOOKUP(B7,Mapping!C:D,2,FALSE),C7)",=C7&D7,5490000725,AJP,,,,,,,,,,493.9199999999999,503.9999999999999,362.87999999999994
8,"=_xlfn.IFNA(VLOOKUP(B8,Mapping!C:D,2,FALSE),C8)",=C8&D8,5490000725,RDC,,,,,,,,,,702.7199999999999,178.56,126.72
9,"=_xlfn.IFNA(VLOOKUP(B9,Mapping!C:D,2,FALSE),C9)",=C9&D9,5490000725,TKM,,,,,,,,,,136.8,232.8,141.60000000000002
10,"=_xlfn.IFNA(VLOOKUP(B10,Mapping!C:D,2,FALSE),C10)",=C10&D10,5490000725,RM,,,,,,,,,,62,128.2,64.8
11,"=_xlfn.IFNA(VLOOKUP(B11,Mapping!C:D,2,FALSE),C11)",=C11&D11,5490000725,RKR,,,,,,,,,,25.199999999999996,14.399999999999999,14.399999999999999
12,"=_xlfn.IFNA(VLOOKUP(B12,Mapping!C:D,2,FALSE),C12)",=C12&D12,5490000725,QM,,,,,,,,,,16,13,8
13,"=_xlfn.IFNA(VLOOKUP(B13,Mapping!C:D,2,FALSE),C13)",=C13&D13,1190064722,RD,532387.3600000007,455190.7,464090.3999999999,449158.0999999998,30232,,,,,,,
14,"=_xlfn.IFNA(VLOOKUP(B14,Mapping!C:D,2,FALSE),C14)",=C14&D14,1190064722,AJ,379972.1,305303.1,237457.59999999998,302376.1,7856,,,,,,,
15,"=_xlfn.IFNA(VLOOKUP(B15,Mapping!C:D,2,FALSE),C15)",=C15&D15,1190064722,YY,234274.99999630844,220341.99999682978,211945.99999658953,270052.9999964234,9805.999999833777,,,,,,,
16,"=_xlfn.IFNA(VLOOKUP(B16,Mapping!C:D,2,FALSE),C16)",=C16&D16,1190064722,BD,102601.9999989757,111638.9999988846,156115.99999844056,152243.9999984801,755.9999999924642,,,,,,,
17,"=_xlfn.IFNA(VLOOKUP(B17,Mapping!C:D,2,FALSE),C17)",=C17&D17,1190064722,PDC,63013.21439999998,37471.602600000006,34061.27099999999,38720.3046,4823.164799999999,,,,,,,
18,"=_xlfn.IFNA(VLOOKUP(B18,Mapping!C:D,2,FALSE),C18)",=C18&D18,1190064722,TKM,35876.40000000002,30743.99999999998,28983.599999999977,51828.000000000044,2808,,,,,,,
19,"=_xlfn.IFNA(VLOOKUP(B19,Mapping!C:D,2,FALSE),C19)",=C19&D19,1190064722,RM,32320.89999999997,27392.09999999997,24362.399999999987,29863.899999999994,1166.5000000000002,,,,,,,
20,"=_xlfn.IFNA(VLOOKUP(B20,Mapping!C:D,2,FALSE),C20)",=C20&D20,1190064722,RDC,22019.04,19909.440000000024,15828.192000000006,16240.032000000028,1908.864,,,,,,,
21,"=_xlfn.IFNA(VLOOKUP(B21,Mapping!C:D,2,FALSE),C21)",=C21&D21,1190064722,AJP,15906.23999999999,12176.639999999998,10120.319999999987,12952.79999999998,715.68,,,,,,,
22,"=_xlfn.IFNA(VLOOKUP(B22,Mapping!C:D,2,FALSE),C22)",=C22&D22,1190064722,RKR,16165.199999999992,10859.39999999999,11651.399999999998,4128,,,,,,,,
23,"=_xlfn.IFNA(VLOOKUP(B23,Mapping!C:D,2,FALSE),C23)",=C23&D23,1190064722,ND,2351.720000000001,2305.7400000000025,2917.5600000000027,2132.6600000000003,196.02,,,,,,,
24,"=_xlfn.IFNA(VLOOKUP(B24,Mapping!C:D,2,FALSE),C24)",=C24&D24,1190064722,FP,4234.464000000007,1310.9279999999994,955.8479999999994,1381.0559999999991,131.25599999999997,-14.568,,,,,,
25,"=_xlfn.IFNA(VLOOKUP(B25,Mapping!C:D,2,FALSE),C25)",=C25&D25,1190064722,AMV,6.999999999888002,6.999999999888001,10.999999999824002,144.99999999768,,,,,,,,
26,"=_xlfn.IFNA(VLOOKUP(B26,Mapping!C:D,2,FALSE),C26)",=C26&D26,1190064722,LPD,,,12,12,12,,,,,,,
27,"=_xlfn.IFNA(VLOOKUP(B27,Mapping!C:D,2,FALSE),C27)",=C27&D27,1190064722,AJA,,0.9999999999900001,3.9999999999600004,28,,,,,,-18.1,-0.2,
28,"=_xlfn.IFNA(VLOOKUP(B28,Mapping!C:D,2,FALSE),C28)",=C28&D28,5490000721,AJ,373.20000000000005,1183.6560000000002,547.6,1214.4,1178.7,682.8,1117.9,2231.6000000000004,2499.2,729.5999999999999,2481.6000000000004,1599.2
29,"=_xlfn.IFNA(VLOOKUP(B29,Mapping!C:D,2,FALSE),C29)",=C29&D29,5490000721,RD,386.80000000000007,642.8999999999999,320.38000000000005,541.53,370.19999999999993,495.50000000000006,560.9999999999999,1364.6650000000002,1152.7999999999993,219.2,602,672.8
30,"=_xlfn.IFNA(VLOOKUP(B30,Mapping!C:D,2,FALSE),C30)",=C30&D30,5490000721,FP,218.88,817.4520000000001,189.31199999999998,386.6039999999999,613.3980000000001,540.2520000000002,541.8480000000002,570.1800000000002,525.0720000000001,199.77599999999998,,
31,"=_xlfn.IFNA(VLOOKUP(B31,Mapping!C:D,2,FALSE),C31)",=C31&D31,5490000721,BD,165.99999999839986,150.81666666522995,213.9999999979258,199.99999999814386,219.79999999790275,172.999999998318,296.4999999971396,223.5833333311668,281.99999999725765,101.16666666569799,267.83333333078673,212.99999999797788
32,"=_xlfn.IFNA(VLOOKUP(B32,Mapping!C:D,2,FALSE),C32)",=C32&D32,5490000721,YY,151.99999999869607,266.83333333073585,154.9416666650351,92.183333332419,309.058333330615,102.49999999884405,248.61666666431512,211.8444444420791,346.0555555520726,15.79166666645,179.62222222058705,175.56944444227003
33,"=_xlfn.IFNA(VLOOKUP(B33,Mapping!C:D,2,FALSE),C33)",=C33&D33,5490000721,TKM,85.2,211.00000000000003,152.60000000000002,141.8,207.10000000000005,207.60000000000005,252.20000000000007,213.6000000000001,205.40000000000012,170.8,89.80000000000001,226.6000000000001
34,"=_xlfn.IFNA(VLOOKUP(B34,Mapping!C:D,2,FALSE),C34)",=C34&D34,5490000721,PDC,114.2598,64.53,75.4742,58.977,122.3052,81.84,159.89259999999996,168.80399999999995,155.73719999999994,84.3822,45.7307,119.60579999999999
35,"=_xlfn.IFNA(VLOOKUP(B35,Mapping!C:D,2,FALSE),C35)",=C35&D35,5490000721,RM,77.5,88.74000000000001,56.08,56.5,148.07999999999998,107.6,119.6,45.730000000000004,114,35,53.875,51.3
36,"=_xlfn.IFNA(VLOOKUP(B36,Mapping!C:D,2,FALSE),C36)",=C36&D36,5490000721,RDC,31.68,61.92,20.16,56.16,25.200000000000003,54.72,47.519999999999996,14.4,51.84,46.08,43.2,21.6
37,"=_xlfn.IFNA(VLOOKUP(B37,Mapping!C:D,2,FALSE),C37)",=C37&D37,5490000721,FP,,,,,,,,,,,316.1279999999999,126.192
38,"=_xlfn.IFNA(VLOOKUP(B38,Mapping!C:D,2,FALSE),C38)",=C38&D38,5490000721,AMV,16.999999999728,9.99999999984,44.99999999928,,37.999999999391996,40.999999999344006,23.999999999616,39.99999999936001,11.999999999808,3.9999999999360005,13.99999999968,32.999999999471996
39,"=_xlfn.IFNA(VLOOKUP(B39,Mapping!C:D,2,FALSE),C39)",=C39&D39,5490000721,RKR,5.3999999999999995,4.59,16.2,5.3999999999999995,10.799999999999999,34.199999999999996,26.999999999999996,16.2,28.799999999999997,5.129999999999999,23.4,5.3999999999999995
40,"=_xlfn.IFNA(VLOOKUP(B40,Mapping!C:D,2,FALSE),C40)",=C40&D40,5490000721,AJP,10.08,,10.08,,20.16,10.08,20.16,,30.240000000000002,,,30.240000000000002
41,"=_xlfn.IFNA(VLOOKUP(B41,Mapping!C:D,2,FALSE),C41)",=C41&D41,5490000721,QM,,,,,14,13,23,8,15,4,10,8
42,"=_xlfn.IFNA(VLOOKUP(B42,Mapping!C:D,2,FALSE),C42)",=C42&D42,5490000721,AJA,,,,,,,,,,,2.999999999936,
43,"=_xlfn.IFNA(VLOOKUP(B43,Mapping!C:D,2,FALSE),C43)",=C43&D43,5490000721,SWEET,,,,-0.4,,,,,,,,
44,"=_xlfn.IFNA(VLOOKUP(B44,Mapping!C:D,2,FALSE),C44)",=C44&D44,5490000721,STICK,,-0.24,,,-0.06,,-0.28800000000000003,,,-0.28800000000000003,,
45,"=_xlfn.IFNA(VLOOKUP(B45,Mapping!C:D,2,FALSE),C45)",=C45&D45,5490000720,RD,24742.500000000007,15600.1,175624.8,47132.700000000004,11655.4,21063.599999999995,23159.300000000007,16213.900000000001,31911.799999999992,30826.199999999986,23160.999999999996,32116.599999999995
46,"=_xlfn.IFNA(VLOOKUP(B46,Mapping!C:D,2,FALSE),C46)",=C46&D46,5490000720,AJ,20763.1,21043.400000000005,31462,12542.2,25783.3,22771,38293,45497.20000000001,33922.899999999994,27893.599999999995,45596.00000000001,44298.99999999999
47,"=_xlfn.IFNA(VLOOKUP(B47,Mapping!C:D,2,FALSE),C47)",=C47&D47,5490000720,BD,34622.99999965421,16903.999999831012,14807.999999852198,23692.999999763753,7054.999999929532,17289.99999982733,8022.999999919924,27272.99999972752,22041.99999977979,12044.999999879672,15252.999999847587,20633.999999794003
48,"=_xlfn.IFNA(VLOOKUP(B48,Mapping!C:D,2,FALSE),C48)",=C48&D48,5490000720,YY,10914.999999864984,13285.999999841639,7305.999999893712,18326.99999976164,20179.999999765856,3913.999999943205,7750.999999894952,20356.999999774293,23682.999999684384,14245.99999979643,3985.999999919264,17028.99999978881
49,"=_xlfn.IFNA(VLOOKUP(B49,Mapping!C:D,2,FALSE),C49)",=C49&D49,5490000720,AJP,1743.8400000000004,3094.5600000000004,3870.7200000000025,3709.4400000000005,2338.559999999999,2479.6800000000017,4233.600000000003,4445.280000000002,5140.800000000001,2328.4800000000014,4374.720000000001,6219.360000000004
50,"=_xlfn.IFNA(VLOOKUP(B50,Mapping!C:D,2,FALSE),C50)",=C50&D50,5490000720,TKM,1219.2,2089.2,2428.8,1905.6,3651.6000000000013,2514.000000000001,3355.2000000000007,3836.4000000000015,2574.0000000000014,3891.600000000001,2512.7999999999997,3927.6000000000013
51,"=_xlfn.IFNA(VLOOKUP(B51,Mapping!C:D,2,FALSE),C51)",=C51&D51,5490000720,PDC,6992.159400000005,162.9864,1052.7084,1401.0317999999997,1039.9086000000002,1336.4801999999997,1099.2617999999998,2651.6375999999987,2195.2079999999974,1611.2285999999995,1534.0067999999992,2629.535399999998
52,"=_xlfn.IFNA(VLOOKUP(B52,Mapping!C:D,2,FALSE),C52)",=C52&D52,5490000720,ND,380.76,979.04,1593.500000000001,594.9,616.92,1128.46,981.6,786.2,678.06,1149.8600000000001,991.84,1120.98
53,"=_xlfn.IFNA(VLOOKUP(B53,Mapping!C:D,2,FALSE),C53)",=C53&D53,5490000720,RM,567.8,708.4000000000001,1047.1999999999998,303,210.60000000000002,751.8,1350.8000000000002,707.2,1269.2,768.8,732.6000000000001,896.2
54,"=_xlfn.IFNA(VLOOKUP(B54,Mapping!C:D,2,FALSE),C54)",=C54&D54,5490000720,RDC,184.89600000000004,323.71200000000005,326.59199999999987,203.32799999999995,261.504,433.72799999999995,202.7519999999999,337.53600000000006,639.9359999999997,318.528,230.97599999999997,385.34400000000005
55,"=_xlfn.IFNA(VLOOKUP(B55,Mapping!C:D,2,FALSE),C55)",=C55&D55,5490000720,RKR,210.60000000000008,151.20000000000002,232.20000000000005,48.599999999999994,194.4,156.6,540.0000000000002,345.6000000000002,356.4000000000001,97.19999999999999,334.8000000000001,162.00000000000003
56,"=_xlfn.IFNA(VLOOKUP(B56,Mapping!C:D,2,FALSE),C56)",=C56&D56,5490000720,HDSH,96,204,168,252,276,144,240,252,228,240,144,312
57,"=_xlfn.IFNA(VLOOKUP(B57,Mapping!C:D,2,FALSE),C57)",=C57&D57,5490000720,LPD,108,108,156,108,96,102,126,126,96,198,150,168
58,"=_xlfn.IFNA(VLOOKUP(B58,Mapping!C:D,2,FALSE),C58)",=C58&D58,5490000719,AJ,264672,273057.2,243160,275276,269772,266682.4,324536,385240,246880,220788,292528,341636
59,"=_xlfn.IFNA(VLOOKUP(B59,Mapping!C:D,2,FALSE),C59)",=C59&D59,5490000719,RD,156526.60000000003,157634.20000000007,156825.80000000002,148699.20000000004,153953.20000000004,187839.30000000005,214441.00000000012,226150.10000000006,175622.90000000005,142213.50000000003,163078.3,230817.70000000007
60,"=_xlfn.IFNA(VLOOKUP(B60,Mapping!C:D,2,FALSE),C60)",=C60&D60,5490000719,YY,98997.99999856549,86022.9999988569,83482.99999882707,102390.83333183554,112121.99999842244,106561.99999846781,142378.99999706598,113710.99999841298,127980.99999788674,118966.99999842612,95458.99999880002,126984.99999832052
61,"=_xlfn.IFNA(VLOOKUP(B61,Mapping!C:D,2,FALSE),C61)",=C61&D61,5490000719,PDC,44012.71979999999,14084.4888,31742.68139999999,37110.06899999999,25825.899599999986,40915.38959999997,37627.63679999999,74227.506,56243.53199999999,17505.975599999994,23221.329599999997,58124.02559999997
62,"=_xlfn.IFNA(VLOOKUP(B62,Mapping!C:D,2,FALSE),C62)",=C62&D62,5490000719,BD,30044.999999703727,30316.99999970226,33848.99999966445,32658.99999967679,31017.99999969842,32574.999999679963,52065.99999948335,32572.999999680917,35797.999999661406,40491.99999960453,32694.999999692085,48706.999999538195
63,"=_xlfn.IFNA(VLOOKUP(B63,Mapping!C:D,2,FALSE),C63)",=C63&D63,5490000719,AJP,15190.559999999998,13668.48,8648.639999999998,15109.920000000004,17075.520000000004,18446.400000000005,22730.399999999998,25189.92,15976.800000000001,13487.039999999999,17922.239999999998,18678.24
64,"=_xlfn.IFNA(VLOOKUP(B64,Mapping!C:D,2,FALSE),C64)",=C64&D64,5490000719,RM,7338.2,6477.999999999998,7753.200000000001,8052,7514.599999999999,8457.8,8926.8,9548,8679.8,8656.2,8814.8,9398.2
65,"=_xlfn.IFNA(VLOOKUP(B65,Mapping!C:D,2,FALSE),C65)",=C65&D65,5490000719,RDC,6992.640000000001,4440.96,6744.9600000000055,6969.6000000000095,7395.84,7781.760000000001,7787.520000000004,8369.280000000002,6537.600000000003,6935.040000000002,7597.440000000001,6808.320000000003
66,"=_xlfn.IFNA(VLOOKUP(B66,Mapping!C:D,2,FALSE),C66)",=C66&D66,5490000719,TKM,6026.400000000001,5023.200000000001,5251.200000000001,5880.000000000001,5671.200000000001,5227.200000000001,6576,6466.8,8695.199999999999,8346,6993.6,7842
67,"=_xlfn.IFNA(VLOOKUP(B67,Mapping!C:D,2,FALSE),C67)",=C67&D67,5490000719,ND,3920.4,1306.8000000000002,1502.8200000000002,4778.820000000001,3554.6399999999985,4556.879999999999,3531.960000000001,4510.620000000001,3539.8800000000006,5222.340000000001,3944.52,4258.62
68,"=_xlfn.IFNA(VLOOKUP(B68,Mapping!C:D,2,FALSE),C68)",=C68&D68,5490000719,RKR,4033.8,3780,2802.6000000000004,2683.8,4455,2219.4000000000005,4617,3942,2673,4249.8,4525.2,3564
69,"=_xlfn.IFNA(VLOOKUP(B69,Mapping!C:D,2,FALSE),C69)",=C69&D69,5490000719,SWEET,396,,,,,,,,,,,
70,"=_xlfn.IFNA(VLOOKUP(B70,Mapping!C:D,2,FALSE),C70)",=C70&D70,5490000718,YY,2082.999999961416,3775.999999920816,5597.999999859693,4647.999999882033,2562.9999999489,4409.999999888625,5565.9999998635285,3296.9999999172715,4407.999999891922,2620.9999999443116,2137.999999962,2883.9999999329284
71,"=_xlfn.IFNA(VLOOKUP(B71,Mapping!C:D,2,FALSE),C71)",=C71&D71,5490000718,AJ,1538.6,1438.4,1355,1555.3,1514,1270.4,1123.1,1294.6,1179.8,3996,2151.6,2883.1
72,"=_xlfn.IFNA(VLOOKUP(B72,Mapping!C:D,2,FALSE),C72)",=C72&D72,5490000718,BD,1416.9999999861893,2457.999999976061,1373.9999999864517,2009.9999999801992,2119.9999999791175,1955.9999999805889,2269.9999999778574,1782.999999982523,2184.9999999784613,1479.9999999854815,391.99999999651203,1203.9999999883316
73,"=_xlfn.IFNA(VLOOKUP(B73,Mapping!C:D,2,FALSE),C73)",=C73&D73,5490000718,RD,630.4000000000001,1179.2,963.2000000000002,752.2,1510.0999999999997,849.6,1098,653.7,1173.1000000000001,1571.5,1436.8,2088.9
74,"=_xlfn.IFNA(VLOOKUP(B74,Mapping!C:D,2,FALSE),C74)",=C74&D74,5490000718,TKM,1142.4,765.6000000000003,1363.2000000000003,542.4,1291.1999999999998,988.8,1036.8000000000002,604.8000000000001,867.5999999999999,561.5999999999999,708,1184.4
75,"=_xlfn.IFNA(VLOOKUP(B75,Mapping!C:D,2,FALSE),C75)",=C75&D75,5490000718,FP,442.32,293.88,10.2,144,3150.6,,407.4,108,118.2,10.2,,
76,"=_xlfn.IFNA(VLOOKUP(B76,Mapping!C:D,2,FALSE),C76)",=C76&D76,5490000718,PDC,236.03580000000002,337.0824,83.9826,241.98119999999992,270.20700000000005,94.788,272.81879999999995,271.4022,164.8764,183.20399999999998,186.80759999999998,176.92919999999998
77,"=_xlfn.IFNA(VLOOKUP(B77,Mapping!C:D,2,FALSE),C77)",=C77&D77,5490000718,RM,227.2,163.5,258.2,147,166,204.6,194.4,174.7,284,85.6,18,482.29999999999995
78,"=_xlfn.IFNA(VLOOKUP(B78,Mapping!C:D,2,FALSE),C78)",=C78&D78,5490000718,RDC,84.96000000000001,253.44,211.67999999999998,177.12,216,144,325.43999999999994,96.48000000000002,190.08,139.68,34.56,459.35999999999996
79,"=_xlfn.IFNA(VLOOKUP(B79,Mapping!C:D,2,FALSE),C79)",=C79&D79,5490000718,AJP,151.2,171.36000000000004,171.36,80.64,181.44000000000005,120.96000000000001,362.87999999999994,,,70.56,514.0799999999999,20.16
80,"=_xlfn.IFNA(VLOOKUP(B80,Mapping!C:D,2,FALSE),C80)",=C80&D80,5490000718,RKR,122.4,106.19999999999999,91.80000000000001,66.6,124.19999999999999,23.4,277.2,32.4,136.79999999999998,63,71.99999999999999,79.2
81,"=_xlfn.IFNA(VLOOKUP(B81,Mapping!C:D,2,FALSE),C81)",=C81&D81,5490000718,FP,,,,,,,,,,,21.024,348.792
82,"=_xlfn.IFNA(VLOOKUP(B82,Mapping!C:D,2,FALSE),C82)",=C82&D82,5490000718,AMV,19.99999999968,6.999999999888001,11.999999999808,26.999999999568,6.999999999888001,20.999999999664,35.999999999424,9.99999999984,37.999999999392,0.9999999999840001,4.99999999992,59.99999999904001
83,"=_xlfn.IFNA(VLOOKUP(B83,Mapping!C:D,2,FALSE),C83)",=C83&D83,5490000718,QM,,,,,,,,,,104,50,
84,"=_xlfn.IFNA(VLOOKUP(B84,Mapping!C:D,2,FALSE),C84)",=C84&D84,5490000718,SWEET,12,,,,,,,,,,,
85,"=_xlfn.IFNA(VLOOKUP(B85,Mapping!C:D,2,FALSE),C85)",=C85&D85,5490000718,STICK,,9.36,,,,,,,,,,
86,"=_xlfn.IFNA(VLOOKUP(B86,Mapping!C:D,2,FALSE),C86)",=C86&D86,5490000717,AJ,209871.2,102929.79999999999,150764.1,173563.1,116599.29999999999,135695,200239.50000000003,122404.90000000001,165910.90000000002,137059.8,91694.8,239399.8
87,"=_xlfn.IFNA(VLOOKUP(B87,Mapping!C:D,2,FALSE),C87)",=C87&D87,5490000717,RD,180237.56000000003,63610.61999999999,105005.68000000004,118706.57999999997,98137.38000000002,119604.91999999998,97990.97999999998,123270.72000000004,158118.53999999998,129151.71999999999,80159.92000000001,148168.28000000003
88,"=_xlfn.IFNA(VLOOKUP(B88,Mapping!C:D,2,FALSE),C88)",=C88&D88,5490000717,YY,128507.99999830886,87536.99999858877,90041.99999868682,90681.99999877375,77959.99999885714,145942.99999817676,124533.99999847672,90102.99999872473,110547.99999842915,121357.99999811433,88142.99999860834,122332.99999819462
89,"=_xlfn.IFNA(VLOOKUP(B89,Mapping!C:D,2,FALSE),C89)",=C89&D89,5490000717,BD,55596.999999452186,23080.99999977258,23242.999999777683,37392.99999962849,42983.99999957966,33341.99999967297,54124.999999463435,51739.99999951355,54645.99999946785,46290.999999550804,18550.99999981745,46268.99999954438
90,"=_xlfn.IFNA(VLOOKUP(B90,Mapping!C:D,2,FALSE),C90)",=C90&D90,5490000717,PDC,48870.723000000005,23250.269399999994,21047.891999999996,39786.34440000001,29118.31199999998,34908.67560000003,34973.792400000006,56204.78700000002,46399.06740000002,47689.20540000001,25511.432999999997,34595.95740000001
91,"=_xlfn.IFNA(VLOOKUP(B91,Mapping!C:D,2,FALSE),C91)",=C91&D91,5490000717,RM,18084.49999999999,11270.099999999997,12770.100000000004,14651.399999999992,12186.699999999993,13219.299999999992,13329.299999999997,15381.799999999992,18951.099999999988,14109.399999999996,13722.400000000005,18678.20000000001
92,"=_xlfn.IFNA(VLOOKUP(B92,Mapping!C:D,2,FALSE),C92)",=C92&D92,5490000717,TKM,13520.399999999998,11105.999999999993,15915.599999999984,11281.199999999997,14844.000000000002,14519.999999999996,11487.599999999993,11629.199999999995,12431.999999999996,11974.79999999999,11613.599999999997,11867.999999999998
93,"=_xlfn.IFNA(VLOOKUP(B93,Mapping!C:D,2,FALSE),C93)",=C93&D93,5490000717,AJP,20660.16,3265.9199999999996,9907.44,14072.159999999996,7321.319999999999,9555.479999999998,11892.84,11892.84,11434.8,12910.92,10221.119999999999,20698.68
94,"=_xlfn.IFNA(VLOOKUP(B94,Mapping!C:D,2,FALSE),C94)",=C94&D94,5490000717,RDC,8602.848000000009,5421.8880000000045,6954.048000000019,7028.352000000023,6060.960000000009,6981.984000000016,5924.44800000001,5204.736000000007,7939.296000000017,6175.2960000000085,6663.74400000001,8435.520000000011
95,"=_xlfn.IFNA(VLOOKUP(B95,Mapping!C:D,2,FALSE),C95)",=C95&D95,5490000717,RKR,3562.2,3544.2000000000016,3878.999999999999,2691.000000000002,2880,3970.8,3506.400000000001,2768.400000000002,3796.200000000002,2313.000000000003,4633.200000000002,3015.0000000000005
96,"=_xlfn.IFNA(VLOOKUP(B96,Mapping!C:D,2,FALSE),C96)",=C96&D96,5490000717,ND,534.5999999999999,677.16,677.1600000000002,689.04,748.4400000000003,623.7,564.3,689.0400000000002,5518.4400000000005,3277.98,2614.8599999999997,4602.419999999999
97,"=_xlfn.IFNA(VLOOKUP(B97,Mapping!C:D,2,FALSE),C97)",=C97&D97,1190064716,BD,52537.99999947633,21763.999999787997,30825.999999693067,45721.999999547035,37311.99999963806,24554.99999975685,45292.99999954911,37671.999999627646,49396.99999951,877.9999999912682,,
98,"=_xlfn.IFNA(VLOOKUP(B98,Mapping!C:D,2,FALSE),C98)",=C98&D98,1190064716,YY,7583.999999855492,7434.999999859373,4819.999999928892,4093.999999931644,5867.99999987695,9180.999999869468,5224.999999910571,4540.999999911375,5586.999999893188,,,
99,"=_xlfn.IFNA(VLOOKUP(B99,Mapping!C:D,2,FALSE),C99)",=C99&D99,1190064716,AJ,3694.2000000000003,4687.6,4089.4,5517.4,4061.4,4282,3910.7999999999997,2844.6000000000004,4357.2,,,
100,"=_xlfn.IFNA(VLOOKUP(B100,Mapping!C:D,2,FALSE),C100)",=C100&D100,1190064716,RD,2169.8,2418.4,1587.56,2107.1800000000003,1908.1200000000003,2584.3600000000006,1802.1200000000003,1561.5600000000002,2665.92,,,
101,"=_xlfn.IFNA(VLOOKUP(B101,Mapping!C:D,2,FALSE),C101)",=C101&D101,1190064716,PDC,1012.5222000000001,1561.0062,1185.8003999999999,733.5719999999999,1402.4010000000005,1470.8267999999994,866.7491999999999,2920.1945999999994,767.5073999999998,,,
102,"=_xlfn.IFNA(VLOOKUP(B102,Mapping!C:D,2,FALSE),C102)",=C102&D102,1190064716,AJP,423.3599999999999,544.3199999999999,725.7599999999999,1179.3600000000001,655.1999999999999,423.35999999999996,503.9999999999999,302.4,433.43999999999994,,,
103,"=_xlfn.IFNA(VLOOKUP(B103,Mapping!C:D,2,FALSE),C103)",=C103&D103,1190064716,TKM,182.40000000000003,148.8,228.00000000000003,158.40000000000003,196.8,271.20000000000005,151.20000000000002,93.6,237.60000000000002,,,
104,"=_xlfn.IFNA(VLOOKUP(B104,Mapping!C:D,2,FALSE),C104)",=C104&D104,1190064716,RDC,205.056,172.8,134.784,126.72,142.848,294.91200000000003,119.80799999999999,93.312,162.43199999999996,,,
105,"=_xlfn.IFNA(VLOOKUP(B105,Mapping!C:D,2,FALSE),C105)",=C105&D105,1190064716,RM,132.6,473.8,113.6,73.8,127.8,187.6,87.2,75.8,117.2,,,
106,"=_xlfn.IFNA(VLOOKUP(B106,Mapping!C:D,2,FALSE),C106)",=C106&D106,1190064716,RKR,48.599999999999994,73.8,43.199999999999996,61.19999999999999,68.39999999999999,43.199999999999996,46.8,61.19999999999999,52.199999999999996,,,
107,"=_xlfn.IFNA(VLOOKUP(B107,Mapping!C:D,2,FALSE),C107)",=C107&D107,1190064716,QM,,,,,170,,23,16,20,,,
108,"=_xlfn.IFNA(VLOOKUP(B108,Mapping!C:D,2,FALSE),C108)",=C108&D108,1190064716,STICK,,,,1.44,,,,,,,,
109,"=_xlfn.IFNA(VLOOKUP(B109,Mapping!C:D,2,FALSE),C109)",=C109&D109,1190064712,RD,1444254.2000000065,1467780.7,1691290.7000000016,1869665.9000000027,1462692.6000000201,1675708.9000000097,900419.0000000031,2116399.3000000035,1648960.2000000179,2229459.2999999984,1333895.7000000025,1351927.400000003
110,"=_xlfn.IFNA(VLOOKUP(B110,Mapping!C:D,2,FALSE),C110)",=C110&D110,1190064712,AJ,1236813.6000000008,1252688.8000000033,1629270.399999999,1390727.9999999977,1285443.2000000018,1434184.0000000014,1364165.6000000013,1578297.6000000013,1351439.9999999977,1399042.799999997,1332106.4000000004,1310375.9999999995
111,"=_xlfn.IFNA(VLOOKUP(B111,Mapping!C:D,2,FALSE),C111)",=C111&D111,1190064712,YY,432072.99999397446,300104.9999951463,399057.9999933954,378834.9999939331,481379.9999924674,364684.9999942914,359896.9999947872,470485.9999924857,388404.99999418965,620701.9999896439,297051.99999539036,343487.9999955741
112,"=_xlfn.IFNA(VLOOKUP(B112,Mapping!C:D,2,FALSE),C112)",=C112&D112,1190064712,BD,320764.9999967932,275764.99999724404,263158.99999736977,338621.9999966142,304051.99999695993,354763.99999645393,258179.9999974192,343345.99999656714,335070.9999966509,369115.99999630917,254018.9999974608,257986.99999742184
113,"=_xlfn.IFNA(VLOOKUP(B113,Mapping!C:D,2,FALSE),C113)",=C113&D113,1190064712,PDC,161692.65899999917,84993.35940000022,152833.02479999978,364422.24359999906,374302.17719999596,168493.0445999981,287950.4819999942,351803.4407999987,276848.36639999767,211162.04999999914,450222.8273999957,175619.60279999915
114,"=_xlfn.IFNA(VLOOKUP(B114,Mapping!C:D,2,FALSE),C114)",=C114&D114,1190064712,AJP,121171.6800000006,121836.96000000054,103430.88000000024,129467.52000000022,111807.36000000042,108843.84000000048,104227.20000000023,168598.08000000025,154627.20000000042,147611.5200000007,107301.60000000038,93673.44000000016
115,"=_xlfn.IFNA(VLOOKUP(B115,Mapping!C:D,2,FALSE),C115)",=C115&D115,1190064712,TKM,73818.00000000022,61520.400000000074,80462.40000000008,68799.60000000031,86104.80000000015,79926.00000000004,75939.60000000024,87679.19999999997,88993.19999999998,98842.80000000019,88203.59999999998,69046.79999999989
116,"=_xlfn.IFNA(VLOOKUP(B116,Mapping!C:D,2,FALSE),C116)",=C116&D116,1190064712,RM,105687.99999999946,44631.80000000005,31156.000000000076,118194.79999999986,28192.200000000015,22029.200000000055,35226.00000000008,109927.19999999992,95263.99999999991,62822.200000000266,25550.400000000067,29051.20000000008
117,"=_xlfn.IFNA(VLOOKUP(B117,Mapping!C:D,2,FALSE),C117)",=C117&D117,1190064712,ND,22494.43999999998,34482.81999999996,32464.11999999997,37835.27999999992,40678.11999999995,35021.19999999997,26213.059999999896,76264.02000000006,50821.45999999986,61161.17999999973,55009.63999999956,29939.419999999882
118,"=_xlfn.IFNA(VLOOKUP(B118,Mapping!C:D,2,FALSE),C118)",=C118&D118,1190064712,RKR,14169.599999999873,23463.000000000022,15946.19999999991,9071.999999999995,22004.999999999964,25790.399999999994,22869.00000000013,21708,29424.600000000384,9088.199999999966,8769.600000000033,19380.599999999995
119,"=_xlfn.IFNA(VLOOKUP(B119,Mapping!C:D,2,FALSE),C119)",=C119&D119,1190064712,RDC,8922.240000000125,16447.68000000017,16633.15200000001,13301.568000000134,16390.65600000007,11257.92000000011,10497.600000000088,22030.84800000001,23172.479999999607,20127.167999999987,15564.67200000007,19373.18400000005
120,"=_xlfn.IFNA(VLOOKUP(B120,Mapping!C:D,2,FALSE),C120)",=C120&D120,1190064712,LPD,4992,2700,3762,5064,6894,4956,5160,8436,10080,3756,6366,5418
121,"=_xlfn.IFNA(VLOOKUP(B121,Mapping!C:D,2,FALSE),C121)",=C121&D121,1190064712,HDSH,4836,3156,6468,4020,4704,5736,5736,6180,8940,2700,5820,2952
122,"=_xlfn.IFNA(VLOOKUP(B122,Mapping!C:D,2,FALSE),C122)",=C122&D122,1190064712,LQSS,1056,1212,1104,1074,1836,1374,1626,1302,2004,1404,1302,1512
123,"=_xlfn.IFNA(VLOOKUP(B123,Mapping!C:D,2,FALSE),C123)",=C123&D123,1190064712,SBU,680.3999999999993,653.399999999999,912.5999999999983,1106.9999999999984,1150.1999999999998,1058.399999999998,1096.1999999999991,1598.4000000000028,1382.3999999999994,1398.6000000000015,1031.3999999999987,842.3999999999993
124,"=_xlfn.IFNA(VLOOKUP(B124,Mapping!C:D,2,FALSE),C124)",=C124&D124,5490000710,AMV,402.999999991248,775.9999999863358,1113.9999999810238,1466.999999972928,2306.999999955072,1719.9999999672962,3424.9999999270563,3960.999999932208,2695.999999949712,1839.9999999681609,1458.9999999756478,1504.9999999703978
125,"=_xlfn.IFNA(VLOOKUP(B125,Mapping!C:D,2,FALSE),C125)",=C125&D125,5490000710,AJA,,12.999999999479998,10,12.999999999627999,48.999999998538,47.999999998259995,46.999999998745984,19.9999999996,9.999999999599998,20.999999999399996,17.999999999466,34.999999998599996
126,"=_xlfn.IFNA(VLOOKUP(B126,Mapping!C:D,2,FALSE),C126)",=C126&D126,5490000709,RD,,,,,431800.0599999998,501328.6399999998,582733.0200000003,375123.7799999999,392926.6999999996,565465.8999999999,388554.21999999986,550965.78
127,"=_xlfn.IFNA(VLOOKUP(B127,Mapping!C:D,2,FALSE),C127)",=C127&D127,5490000709,AJ,,,,,298229.00000000006,297832.1,527077,317496.50000000006,195801.5,339777.70000000007,274898.80000000005,276569.1
128,"=_xlfn.IFNA(VLOOKUP(B128,Mapping!C:D,2,FALSE),C128)",=C128&D128,5490000709,YY,,,,,209731.99999646406,183357.999997171,273531.9999959137,167734.99999778744,208354.99999666802,224765.99999647774,154763.99999747178,201322.99999702667
129,"=_xlfn.IFNA(VLOOKUP(B129,Mapping!C:D,2,FALSE),C129)",=C129&D129,5490000709,BD,,,,,143026.99999857144,131150.9999987149,147306.99999852816,150275.99999850133,164838.99999835683,231767.99999769204,111514.99999889388,140640.99999860683
130,"=_xlfn.IFNA(VLOOKUP(B130,Mapping!C:D,2,FALSE),C130)",=C130&D130,5490000709,PDC,,,,,44923.82039999999,43055.51459999999,62539.539000000004,56392.45919999997,41492.97119999998,63130.45919999997,24692.686200000007,37562.62740000001
131,"=_xlfn.IFNA(VLOOKUP(B131,Mapping!C:D,2,FALSE),C131)",=C131&D131,5490000709,TKM,,,,,32761.199999999975,30681.600000000006,43293.6,29081.99999999998,20763.59999999999,38935.200000000004,20444.4,31352.39999999999
132,"=_xlfn.IFNA(VLOOKUP(B132,Mapping!C:D,2,FALSE),C132)",=C132&D132,5490000709,RM,,,,,25655.750000000004,38334.95000000001,23800.99999999998,27070.600000000024,18633.74999999998,30346.199999999946,18370.800000000003,31242.899999999976
133,"=_xlfn.IFNA(VLOOKUP(B133,Mapping!C:D,2,FALSE),C133)",=C133&D133,5490000709,RDC,,,,,19737.21600000001,24974.208000000024,25770.23999999998,9798.912,14023.008000000013,25962.336000000007,15647.616000000013,22690.94400000002
134,"=_xlfn.IFNA(VLOOKUP(B134,Mapping!C:D,2,FALSE),C134)",=C134&D134,5490000709,AJP,,,,,12065.760000000004,15311.519999999999,13537.439999999999,33969.600000000006,7197.120000000002,9938.88,5120.64,11037.599999999999
135,"=_xlfn.IFNA(VLOOKUP(B135,Mapping!C:D,2,FALSE),C135)",=C135&D135,5490000709,RKR,,,,,13273.199999999999,11490.600000000004,10584,6589.799999999999,9760.2,9498.6,6403.200000000002,10334.400000000005
136,"=_xlfn.IFNA(VLOOKUP(B136,Mapping!C:D,2,FALSE),C136)",=C136&D136,5490000709,ND,,,,,6760.7400000000025,3410.7199999999993,3388.5800000000013,3735.8600000000006,4860.080000000001,7786.180000000001,3948.439999999999,5659.08
137,"=_xlfn.IFNA(VLOOKUP(B137,Mapping!C:D,2,FALSE),C137)",=C137&D137,5490000709,FP,,,,,1532.2079999999992,3123.936000000006,584.1839999999997,6124.583999999997,2083.583999999999,3367.5840000000026,,-46.848
138,"=_xlfn.IFNA(VLOOKUP(B138,Mapping!C:D,2,FALSE),C138)",=C138&D138,5490000709,LPD,,,,,252,1110,102,408,156,480,432,522
139,"=_xlfn.IFNA(VLOOKUP(B139,Mapping!C:D,2,FALSE),C139)",=C139&D139,5490000709,QM,,,,,,,,462,218,1884,,136
140,"=_xlfn.IFNA(VLOOKUP(B140,Mapping!C:D,2,FALSE),C140)",=C140&D140,5490000709,FP,,,,,,,,,,,,177.84
141,"=_xlfn.IFNA(VLOOKUP(B141,Mapping!C:D,2,FALSE),C141)",=C141&D141,5490000709,AJA,,,,,34.99999999776,,,59.999999997888,-26.00000000001,3.99999999998,,
142,"=_xlfn.IFNA(VLOOKUP(B142,Mapping!C:D,2,FALSE),C142)",=C142&D142,5490000709,AMV,,,,,,,,,26.999999999568004,38.999999999376,,
143,"=_xlfn.IFNA(VLOOKUP(B143,Mapping!C:D,2,FALSE),C143)",=C143&D143,5490000708,AJ,12639.2,12276.4,26528,30329,64919.4,64879.8,42660,2799.2,,,,
144,"=_xlfn.IFNA(VLOOKUP(B144,Mapping!C:D,2,FALSE),C144)",=C144&D144,5490000708,AJP,2197.4399999999996,1854.4799999999998,4094.8199999999997,4739.94,8716.14,15741.659999999998,18465.6,11815.62,,14592.3,28145.160000000003,2520.66
145,"=_xlfn.IFNA(VLOOKUP(B145,Mapping!C:D,2,FALSE),C145)",=C145&D145,5490000708,RD,860.88,2795.2000000000003,19224.34,15687.56,12198.700000000003,31709.40000000001,20373,2936.1,42.00000000000001,112.00000000000001,50.400000000000006,33.6
146,"=_xlfn.IFNA(VLOOKUP(B146,Mapping!C:D,2,FALSE),C146)",=C146&D146,5490000708,YY,7459.999999895505,8078.999999882568,15384.999999734246,11571.47499988594,18169.999999823573,15533.999999748034,12199.999999742633,854.9999999896563,,,,
147,"=_xlfn.IFNA(VLOOKUP(B147,Mapping!C:D,2,FALSE),C147)",=C147&D147,5490000708,RM,935.6,999.3,1864.4999999999995,1265.8600000000004,1080.5,2289.9999999999995,1596.7,1629.1,1606.7,1572.8,2473.2,996.7
148,"=_xlfn.IFNA(VLOOKUP(B148,Mapping!C:D,2,FALSE),C148)",=C148&D148,5490000708,TKM,631.1999999999999,1681.1999999999998,1963.1999999999996,1153.6000000000001,2819.9999999999995,3747.6000000000004,1811.9999999999998,1773.6,,,,
149,"=_xlfn.IFNA(VLOOKUP(B149,Mapping!C:D,2,FALSE),C149)",=C149&D149,5490000708,AMV,194.9999999892,169.99999999728,615.9999999872642,948.7083333149858,265.999999995744,1183.999999974672,898.999999978512,1315.999999976976,1000.9999999835522,575.9999999893921,1405.999999978248,1246.9999999767758
150,"=_xlfn.IFNA(VLOOKUP(B150,Mapping!C:D,2,FALSE),C150)",=C150&D150,5490000708,ND,184.33999999999997,95.14,587.9399999999999,494.53999999999996,433.19999999999993,618.46,573.5,607.4,189,462.3,1066.34,322.1
151,"=_xlfn.IFNA(VLOOKUP(B151,Mapping!C:D,2,FALSE),C151)",=C151&D151,5490000708,QM,,70,129,741,126,186,242,460,158,117,592,766
152,"=_xlfn.IFNA(VLOOKUP(B152,Mapping!C:D,2,FALSE),C152)",=C152&D152,5490000708,RDC,234.144,271.584,656.3519999999996,259.424,229.82399999999998,630.4319999999998,366.6239999999999,342.1439999999999,,78.336,,
153,"=_xlfn.IFNA(VLOOKUP(B153,Mapping!C:D,2,FALSE),C153)",=C153&D153,5490000708,AJA,38.99999999917,88.99999999789199,189.99999999598796,143.999999995458,23.999999999516,290.9999999893301,216.999999993362,150.999999995548,57.99999999766398,45.99999999861999,198.99999999315196,217.99999999008799
154,"=_xlfn.IFNA(VLOOKUP(B154,Mapping!C:D,2,FALSE),C154)",=C154&D154,5490000708,LQSS,72,120,240,84,42,,,,,,,
155,"=_xlfn.IFNA(VLOOKUP(B155,Mapping!C:D,2,FALSE),C155)",=C155&D155,5490000708,RKR,116.4,125.4,280.79999999999995,-79.61,,,,,,,,
156,"=_xlfn.IFNA(VLOOKUP(B156,Mapping!C:D,2,FALSE),C156)",=C156&D156,5490000708,LPD,12,30,60,24,30,18,66,30,,30,30,
157,"=_xlfn.IFNA(VLOOKUP(B157,Mapping!C:D,2,FALSE),C157)",=C157&D157,5490000708,HDSH,,24,60,20,24,,,,,,,
158,"=_xlfn.IFNA(VLOOKUP(B158,Mapping!C:D,2,FALSE),C158)",=C158&D158,5490000708,SBU,5.4,,27.000000000000004,27.000000000000004,10.8,,,,,,,
159,"=_xlfn.IFNA(VLOOKUP(B159,Mapping!C:D,2,FALSE),C159)",=C159&D159,5490000708,STICK,33.407999999999994,,,-0.384,,,,,,,,
160,"=_xlfn.IFNA(VLOOKUP(B160,Mapping!C:D,2,FALSE),C160)",=C160&D160,5490000708,SUP,,,100,-524,,,,,,,,
161,"=_xlfn.IFNA(VLOOKUP(B161,Mapping!C:D,2,FALSE),C161)",=C161&D161,5490000707,AJ,79816,74460,50672,78400,101220,75600,94720,177704,69620,36240,49084,80908
162,"=_xlfn.IFNA(VLOOKUP(B162,Mapping!C:D,2,FALSE),C162)",=C162&D162,5490000707,RD,39043,67894,37365,67821,70536,66623,73706,135846.6,74214,30012,48103,83016.40000000001
163,"=_xlfn.IFNA(VLOOKUP(B163,Mapping!C:D,2,FALSE),C163)",=C163&D163,5490000707,ND,15334.2,8793,3315.6000000000004,10220.4,6048,5036.4,10549.800000000001,24943.5,6660,3538.8,15427.8,16729.02
164,"=_xlfn.IFNA(VLOOKUP(B164,Mapping!C:D,2,FALSE),C164)",=C164&D164,5490000707,YY,12839.999999871608,10319.999999896805,6899.999999931,8639.999999913602,9899.999999901002,5399.9999999460015,9419.999999905802,10433.999999895588,11256.999999887388,4472.999999955072,6239.999999937602,22775.99999938229
165,"=_xlfn.IFNA(VLOOKUP(B165,Mapping!C:D,2,FALSE),C165)",=C165&D165,5490000707,AJP,7560,8033.76,3528,8064,8064,8064,9576,19817.28,11088,4032,2520,9979.2
166,"=_xlfn.IFNA(VLOOKUP(B166,Mapping!C:D,2,FALSE),C166)",=C166&D166,5490000707,RM,4720,6360,3468,5720,6226,5236,7390,16752,5295.2,6664,5878,5597.599999999999
167,"=_xlfn.IFNA(VLOOKUP(B167,Mapping!C:D,2,FALSE),C167)",=C167&D167,5490000707,RKR,4020,9276,2406,1984.8000000000002,5148,8700,8022,12150,5790,4044,5640,7506
168,"=_xlfn.IFNA(VLOOKUP(B168,Mapping!C:D,2,FALSE),C168)",=C168&D168,5490000707,RDC,2520,2016,1872,5054.4,6379.2,4017.6,7315.2,10670.4,5580,7812,7099.2,10661.76
169,"=_xlfn.IFNA(VLOOKUP(B169,Mapping!C:D,2,FALSE),C169)",=C169&D169,5490000707,TKM,3247.2000000000007,3537.6000000000004,3566.4000000000015,4773.6,4992.000000000001,3199.200000000001,5767.200000000003,8702.399999999998,4140,2524.8000000000006,3984,4252.800000000001
170,"=_xlfn.IFNA(VLOOKUP(B170,Mapping!C:D,2,FALSE),C170)",=C170&D170,5490000707,PDC,2986.956,218.7,291.59999999999997,1603.8,1239.3,1418.148,2714.018399999999,4155.786,2043.6299999999997,952.56,2424.654,2957.6987999999997
171,"=_xlfn.IFNA(VLOOKUP(B171,Mapping!C:D,2,FALSE),C171)",=C171&D171,5490000707,BD,2479.99999997532,3621.9999999639113,2637.9999999738484,354.9999999964801,242.99999999782804,398.999999996304,1375.999999986816,2475.999999975276,301.9999999972919,897.9999999913679,599.9999999940001,2259.9999999774
172,"=_xlfn.IFNA(VLOOKUP(B172,Mapping!C:D,2,FALSE),C172)",=C172&D172,5490000707,FP,573.5639999999999,1328.3399999999997,648.7559999999999,557.1479999999999,1234.6079999999997,2495.892,1665.6839999999997,4780.404,774.24,1480.584,,
173,"=_xlfn.IFNA(VLOOKUP(B173,Mapping!C:D,2,FALSE),C173)",=C173&D173,5490000707,LPD,900,1800,600,900,1080,660,1080,2616,1050,480,1560,1860
174,"=_xlfn.IFNA(VLOOKUP(B174,Mapping!C:D,2,FALSE),C174)",=C174&D174,5490000707,AMV,4.99999999992,19.999999999680004,30.999999999503995,16.999999999728,33.999999999455994,19.999999999680004,9.999999999840002,24.999999999215994,47.99999999879999,31.999999999199996,,
175,"=_xlfn.IFNA(VLOOKUP(B175,Mapping!C:D,2,FALSE),C175)",=C175&D175,5490000707,AJA,,,,,,,,9.999999999503999,6.999999999648,3.9999999997919997,,
176,"=_xlfn.IFNA(VLOOKUP(B176,Mapping!C:D,2,FALSE),C176)",=C176&D176,5490000706,AJ,83211.5,93124.95,98943,87675,99449.5,98111.25,97653.45,97883.5,101987.5,151793.5,94080,116612.95
177,"=_xlfn.IFNA(VLOOKUP(B177,Mapping!C:D,2,FALSE),C177)",=C177&D177,5490000706,BD,3329.966666633648,4409.599999956177,6361.266666603643,6348.966666603428,7979.999999920588,2750.9999999726265,893.9666666580977,1979.9999999804745,2962.966666637588,4330.999999957097,3814.9999999626407,3497.933333298767
178,"=_xlfn.IFNA(VLOOKUP(B178,Mapping!C:D,2,FALSE),C178)",=C178&D178,5490000706,RD,2326.4399999999996,2428.389999999996,1793.139999999998,2645.8800000000033,2650.939999999999,2523.070000000001,2408.8199999999997,2358.5800000000004,2605.840000000001,2359.5800000000013,2285.8899999999976,2759.079999999999
179,"=_xlfn.IFNA(VLOOKUP(B179,Mapping!C:D,2,FALSE),C179)",=C179&D179,5490000706,YY,2607.9833332995267,2447.599999962242,1527.261111086467,2647.1388888446,2854.527777750193,2461.8611110751317,1673.2499999715342,1682.9722221960558,2598.1944444052247,1215.7222222029743,1845.4999999693084,2844.8888888479873
180,"=_xlfn.IFNA(VLOOKUP(B180,Mapping!C:D,2,FALSE),C180)",=C180&D180,5490000706,TKM,1811.9999999999984,1855.1999999999964,1903.1999999999996,2171.499999999999,2059.1999999999975,2021.9999999999977,1659.5999999999976,1837.1999999999982,1883.9999999999984,1193.9999999999993,1774.7999999999984,2427.8
181,"=_xlfn.IFNA(VLOOKUP(B181,Mapping!C:D,2,FALSE),C181)",=C181&D181,5490000706,PDC,582.8633999999997,663.2952000000001,318.59219999999993,567.4689000000001,541.8423,580.8429000000001,535.6116000000001,4437.328499999999,728.8047999999997,6010.9854,421.85459999999995,638.4534000000001
182,"=_xlfn.IFNA(VLOOKUP(B182,Mapping!C:D,2,FALSE),C182)",=C182&D182,5490000706,RM,802.0000000000002,1284.9199999999998,664.88,1046.4399999999996,1137.7899999999997,1131.84,643.26,900.2699999999999,868.2700000000001,1234.3,845.3899999999999,1076.4999999999998
183,"=_xlfn.IFNA(VLOOKUP(B183,Mapping!C:D,2,FALSE),C183)",=C183&D183,5490000706,FP,215.136,4521.863999999999,96,108.60000000000002,88.79999999999998,171.662,2084.0879999999993,1020.3979999999998,204.62399999999994,122.85600000000001,-0.238,
184,"=_xlfn.IFNA(VLOOKUP(B184,Mapping!C:D,2,FALSE),C184)",=C184&D184,5490000706,RDC,349.75999999999965,411.9199999999998,307.6399999999999,497.1199999999996,604.7200000000001,503.5999999999997,417.7599999999998,272.9599999999998,426.07999999999976,534.5199999999998,409.0399999999998,345.59999999999985
185,"=_xlfn.IFNA(VLOOKUP(B185,Mapping!C:D,2,FALSE),C185)",=C185&D185,5490000706,RKR,237.6,337.10999999999973,133.59000000000003,93.36,165.12,151.68000000000004,433.5599999999996,158.4,189.00000000000003,284.04,163.62,292.08000000000004
186,"=_xlfn.IFNA(VLOOKUP(B186,Mapping!C:D,2,FALSE),C186)",=C186&D186,5490000706,AJP,218.9400000000001,153.54000000000002,206.07000000000005,223.8600000000001,200.91000000000005,178.62000000000003,203.94000000000005,168.30000000000004,163.62,208.8600000000001,231.60000000000005,251.52000000000012
187,"=_xlfn.IFNA(VLOOKUP(B187,Mapping!C:D,2,FALSE),C187)",=C187&D187,5490000706,QM,,,14,59,30,67,29,28,76,11.9375,276,42.9375
188,"=_xlfn.IFNA(VLOOKUP(B188,Mapping!C:D,2,FALSE),C188)",=C188&D188,5490000706,ND,,,138.6,12.6,,25.2,25.2,12.6,62.99999999999999,37.8,75.6,
189,"=_xlfn.IFNA(VLOOKUP(B189,Mapping!C:D,2,FALSE),C189)",=C189&D189,5490000706,FP,,,,,,,,,,,240.864,63.96
190,"=_xlfn.IFNA(VLOOKUP(B190,Mapping!C:D,2,FALSE),C190)",=C190&D190,5490000706,STICK,28.500000000000007,24.99600000000001,12.384000000000004,,,,-0.576,-0.096,-0.06,,,
191,"=_xlfn.IFNA(VLOOKUP(B191,Mapping!C:D,2,FALSE),C191)",=C191&D191,5490000706,AMV,0.9999999999840001,2.999999999952,3.9999999999360005,,3.9999999999360005,1.9999999999680003,4.999999999920001,1.9999999999680003,3.9999999999360005,6.999999999888001,1.9999999999680003,11.999999999808002
192,"=_xlfn.IFNA(VLOOKUP(B192,Mapping!C:D,2,FALSE),C192)",=C192&D192,5490000706,HDSH,,,,,,,,,,,24,
193,"=_xlfn.IFNA(VLOOKUP(B193,Mapping!C:D,2,FALSE),C193)",=C193&D193,5490000706,LQSS,,,,,,,,,,,,24
194,"=_xlfn.IFNA(VLOOKUP(B194,Mapping!C:D,2,FALSE),C194)",=C194&D194,5490000704,BD,486157.999995199,452922.9999956564,455433.99999551696,445840.9999956237,499495.9999951762,403458.9999959848,483645.9999953269,484973.999995296,533113.9999947634,434666.9999958999,447937.749995644,520788.9999948502
195,"=_xlfn.IFNA(VLOOKUP(B195,Mapping!C:D,2,FALSE),C195)",=C195&D195,5490000704,YY,481029.49999182695,431791.08332558983,423862.08332568535,466368.9999917244,470935.24999151286,361705.58332674106,513376.24999068264,423735.9999920198,445770.9999921752,467515.3333248786,362679.6666597697,512796.6666569771
196,"=_xlfn.IFNA(VLOOKUP(B196,Mapping!C:D,2,FALSE),C196)",=C196&D196,5490000704,AJ,349267.5800000005,349498.5800000005,345868.64000000054,363339.1200000006,352063.74000000034,335194.0000000003,356191.2400000003,282062.40000000014,322732.9200000001,372055.3800000003,271079.4800000001,362409.9600000005
197,"=_xlfn.IFNA(VLOOKUP(B197,Mapping!C:D,2,FALSE),C197)",=C197&D197,5490000704,RD,212206.39999999962,206359.31999999925,206332.5599999994,196189.13999999946,228859.57999999964,214645.49999999968,270329.7999999989,180163.49999999997,183948.07999999975,217062.6799999997,163379.0200000001,221778.3199999991
198,"=_xlfn.IFNA(VLOOKUP(B198,Mapping!C:D,2,FALSE),C198)",=C198&D198,5490000704,PDC,82759.06200000005,67649.74380000003,58934.51520000008,70724.33340000016,58405.423800000084,95848.93260000001,59037.394200000184,117247.98539999999,123094.80480000004,88103.42339999997,60877.779000000024,98957.13419999962
199,"=_xlfn.IFNA(VLOOKUP(B199,Mapping!C:D,2,FALSE),C199)",=C199&D199,5490000704,AJP,47547.35999999999,48079.019999999975,45662.39999999998,50515.799999999996,49608.59999999994,49550.69999999995,53955.659999999945,45170.81999999999,51967.31999999996,75436.13999999997,27301.56,51221.39999999997
200,"=_xlfn.IFNA(VLOOKUP(B200,Mapping!C:D,2,FALSE),C200)",=C200&D200,5490000704,TKM,28795.199999999964,29780.399999999976,32042.399999999932,30212.399999999965,32131.199999999993,32823.59999999994,31990.79999999996,26086.799999999952,28157.99999999993,37749.59999999994,23477.99999999999,30830.399999999965
201,"=_xlfn.IFNA(VLOOKUP(B201,Mapping!C:D,2,FALSE),C201)",=C201&D201,5490000704,RM,26559.400000000005,23824.30000000002,20226.40000000001,25303.000000000007,27042.10000000001,20540.900000000005,23043.199999999997,22049.499999999993,21232.7,27491.600000000013,20151.4,26088.900000000005
202,"=_xlfn.IFNA(VLOOKUP(B202,Mapping!C:D,2,FALSE),C202)",=C202&D202,5490000704,RDC,20728.224,12309.696000000058,15132.384000000106,19661.76000000004,15434.784000000085,17154.432000000088,26051.616000000082,13694.400000000032,15471.072000000071,22103.424000000057,11265.504000000019,15705.216000000133
203,"=_xlfn.IFNA(VLOOKUP(B203,Mapping!C:D,2,FALSE),C203)",=C203&D203,5490000704,RKR,17231.400000000005,13640.399999999981,12494.579999999984,9630.000000000004,15989.400000000007,9610.200000000004,12529.799999999987,11195.999999999989,11149.199999999988,13838.399999999989,8625.600000000002,12144.599999999984
204,"=_xlfn.IFNA(VLOOKUP(B204,Mapping!C:D,2,FALSE),C204)",=C204&D204,5490000704,ND,166.32,196.01999999999998,273.23999999999995,267.29999999999995,291.05999999999995,207.89999999999995,19957.320000000003,6157.44,9356.939999999999,12234.960000000001,4975.92,8514.360000000002
205,"=_xlfn.IFNA(VLOOKUP(B205,Mapping!C:D,2,FALSE),C205)",=C205&D205,5490000704,AJA,,,,,,,26.999999998272003,,7.999999999488,14.99999999904,16.999999998912003,19.99999999872
206,"=_xlfn.IFNA(VLOOKUP(B206,Mapping!C:D,2,FALSE),C206)",=C206&D206,5490000704,STICK,2.3040000000000003,1.1520000000000001,1.1520000000000001,1.1520000000000001,0,,,,,,,
207,"=_xlfn.IFNA(VLOOKUP(B207,Mapping!C:D,2,FALSE),C207)",=C207&D207,5490000701,AJ,26034,14334,24832,21878,21798,35522,21620,17938,22110,31612,3759.9999999999995,32610
208,"=_xlfn.IFNA(VLOOKUP(B208,Mapping!C:D,2,FALSE),C208)",=C208&D208,5490000701,YY,25078.999999687778,17056.99999977069,15912.999999775431,21795.999999740987,18217.999999783417,16033.9999997797,20975.99999974766,15480.999999780306,15396.999999788333,19572.999999755353,12391.999999809204,15538.999999809696
209,"=_xlfn.IFNA(VLOOKUP(B209,Mapping!C:D,2,FALSE),C209)",=C209&D209,5490000701,RD,13365.06,9934.179999999998,11910.82,12094.46,11349.439999999999,15887.24,10266.140000000001,7423.04,13182.48,15882.359999999999,10194.6,10785.34
210,"=_xlfn.IFNA(VLOOKUP(B210,Mapping!C:D,2,FALSE),C210)",=C210&D210,5490000701,BD,11337.999999892649,10512.999999895015,11271.999999889309,12294.99999987946,9352.999999907726,10133.999999900345,7725.999999924953,16140.999999850406,12007.999999891985,12056.999999883577,7019.9999999298,9632.999999908741
211,"=_xlfn.IFNA(VLOOKUP(B211,Mapping!C:D,2,FALSE),C211)",=C211&D211,5490000701,TKM,6132.000000000001,2846.4,5008.800000000001,5268,5992.8,4099.200000000001,6338.4000000000015,4274.4,2887.2,6717.599999999999,3321.6,4236
212,"=_xlfn.IFNA(VLOOKUP(B212,Mapping!C:D,2,FALSE),C212)",=C212&D212,5490000701,PDC,6354.189,2313.4176,4126.4112,4233.0846,3028.6056,4434.115199999999,5417.6214,2840.3976,4232.2938,4444.175399999999,2262.5496,1042.0584
213,"=_xlfn.IFNA(VLOOKUP(B213,Mapping!C:D,2,FALSE),C213)",=C213&D213,5490000701,RDC,2664.576,882.4320000000002,1708.992,1621.44,1972.5120000000004,2760.768000000001,1978.272,2551.9680000000008,1851.5519999999997,2365.920000000001,425.664,3176.6400000000003
214,"=_xlfn.IFNA(VLOOKUP(B214,Mapping!C:D,2,FALSE),C214)",=C214&D214,5490000701,RM,2127.4,1198.2,1388,2080.8,2006.6000000000001,2868.0000000000005,1676.3999999999999,1111.3999999999999,1479.3999999999999,2086.3,1066,1408.8
215,"=_xlfn.IFNA(VLOOKUP(B215,Mapping!C:D,2,FALSE),C215)",=C215&D215,5490000701,AJP,1552.32,342.71999999999997,846.7199999999998,1128.9599999999998,866.88,1622.8799999999999,967.68,1088.6399999999999,1128.96,977.76,,2016
216,"=_xlfn.IFNA(VLOOKUP(B216,Mapping!C:D,2,FALSE),C216)",=C216&D216,5490000701,RKR,842.4,617.4,1107,423,766.8,1357.2,675,782.9999999999999,775.8,973.8,426.59999999999997,892.8000000000001
217,"=_xlfn.IFNA(VLOOKUP(B217,Mapping!C:D,2,FALSE),C217)",=C217&D217,5490000701,ND,130.68,142.56,130.68,130.68,196.02,65.34,130.68,485.82000000000005,344.88,538.38,,817.9200000000001
218,"=_xlfn.IFNA(VLOOKUP(B218,Mapping!C:D,2,FALSE),C218)",=C218&D218,5490000701,FP,235.236,194.94,166.344,168.552,368.952,895.368,301.46400000000006,299.628,235.72799999999998,,,
219,"=_xlfn.IFNA(VLOOKUP(B219,Mapping!C:D,2,FALSE),C219)",=C219&D219,5490000701,QM,,,,,,748,,87,50,44,201,242
220,"=_xlfn.IFNA(VLOOKUP(B220,Mapping!C:D,2,FALSE),C220)",=C220&D220,5490000701,FP,,,,,,,,,,,546.8520000000001,560.1719999999999
221,"=_xlfn.IFNA(VLOOKUP(B221,Mapping!C:D,2,FALSE),C221)",=C221&D221,5490000701,SWEET,182,,,,,,,,,,,
222,"=_xlfn.IFNA(VLOOKUP(B222,Mapping!C:D,2,FALSE),C222)",=C222&D222,5490000701,STICK,59.760000000000005,35.712,,,,,,,,,,
